<data>
    <record id="seq_pesticide" model="ir.sequence">
        <field name="name">Pest Apply</field>
        <field name="code">pest.request</field>
        <field name="prefix">PEST/REQ/</field>
        <field name="padding">5</field>
        <field name="company_id" eval="False"/>
    </record>
    <record id="seq_crop" model="ir.sequence">
        <field name="name">Crop Request</field>
        <field name="code">crop.requests</field>
        <field name="prefix">CROP/REQ/</field>
        <field name="padding">5</field>
        <field name="company_id" eval="False"/>
    </record>
    <record id="seq_menure" model="ir.sequence">
        <field name="name">Menure Apply</field>
        <field name="code">menure.request</field>
        <field name="prefix">MEN/REQ/</field>
        <field name="padding">5</field>
        <field name="company_id" eval="False"/>
    </record>
    <record id="seq_planning" model="ir.sequence">
        <field name="name">Crop Planning</field>
        <field name="code">crop.planning</field>
        <field name="prefix">CRP</field>
        <field name="padding">5</field>
        <field name="company_id" eval="False"/>
    </record>

</data>