<?xml version="1.0" encoding="utf-8"?>
<odoo>
    <data noupdate="0">                    

        <record id="appointment_patient_rating_request_email_template" model="mail.template">
            <field name="name">Appointment: Rating Request</field>
            <field name="email_from">{{ user.email }}</field>
            <field name="subject">{{ object.company_id.name }}: Appointment Rating Request</field>
            <field name="model_id" ref="acs_hms.model_hms_appointment"/>
            <field name="partner_to" >{{ object._rating_get_partner_id().id }}</field>
            <field name="auto_delete" eval="True"/>
            <field name="body_html" type="html">
<div>
    <t t-set="access_token" t-value="object._rating_get_access_token()"/>
    <table style="width:600px;margin:5px auto;">
        <tbody>
            <tr><td>
                <a href="/"><img src="/web/binary/company_logo" style="vertical-align:baseline;max-width:100px;" /></a>
            </td><td style="text-align:right;vertical-align:middle;">
                    Satisfaction Survey
            </td></tr>

        </tbody>
    </table>
    <table border="0" cellpadding="0" cellspacing="0" width="590" style="width:100%; margin:0px auto;">
        <tbody>
            <tr><td style="padding:15px 20px 10px 20px;">
                <p>Hello,</p>
                <p>Please take a moment to rate our services related to the Appointment <strong> <span t-out="object.name"/></strong> with <strong> <span t-out="object._rating_get_rated_partner_id().name"/></strong>.</p>
                <p>We appreciate your feedback. It helps us to improve continuously.</p>
            </td></tr>
            
            <tr><td style="text-align: center;">
                <table border="0" cellpadding="0" cellspacing="0" width="590" summary="o_mail_notification" style="width:100%; margin: 32px 0px 32px 0px;">
                    <tr><td style="font-size: 13px;">
                        <strong>Tell us how you feel about our service</strong><br/>
                        <span style="font-size: 12px; opacity: 0.5; color: #454748;">(click on one of these smileys)</span>
                    </td></tr>
                    <tr><td style="font-size: 13px;">
                        <table style="width:100%;text-align:center;margin-top:2rem;">
                            <tr>
                                <td>
                                    <a t-attf-href="/rate/{{ access_token }}/5">
                                        <img alt="Satisfied" src="/rating/static/src/img/rating_5.png" title="Satisfied"/>
                                    </a>
                                </td>
                                <td>
                                    <a t-attf-href="/rate/{{ access_token }}/3">
                                        <img alt="Okay" src="/rating/static/src/img/rating_3.png" title="Okay"/>
                                    </a>
                                </td>
                                <td>
                                    <a t-attf-href="/rate/{{ access_token }}/1">
                                        <img alt="Dissatisfied" src="/rating/static/src/img/rating_1.png" title="Dissatisfied"/>
                                    </a>
                                </td>
                            </tr>
                        </table>
                    </td></tr>
                </table>
            </td></tr>

        </tbody>
    </table>
    <table style="width:600px;margin:auto;text-align:center;font-size:12px;">
        <tbody>
            <tr><td style="padding-top:10px;color:#afafaf;">
                <p>This Patient survey has been sent because your Appoitment has been Completed.</p>
            </td></tr>
        </tbody>
    </table>
</div>
            </field>
        </record>

    </data>
</odoo>
