<?xml version="1.0" encoding="UTF-8"?>
<templates id="template" xml:space="preserve">

    <t t-name="OrderReceipt" t-inherit="point_of_sale.OrderLinesReceipt" t-inherit-mode="extension" owl="1">
        <xpath expr="//t[@t-foreach]" position="inside">
            <div class="pos-receipt-left-padding" t-if="line.so_reference">From <t t-esc="line.so_reference"/></div>
            <div class="pos-receipt-left-padding" t-if="line.acs_kit_details">
                <table class="prescription-order-info">
                    <tr t-foreach='line.acs_kit_details' t-as='line' t-key='line.id'>
                        <td><t t-esc="line['product_uom_qty']" />x</td>
                        <td style="max-width: 200px;">
                            <t t-esc="line['product_name']" />
                        </td>
                    </tr>
                </table>
            </div>
        </xpath>
    </t>

</templates>
