<?xml version="1.0" encoding="UTF-8"?>
<odoo>
    <data noupdate="1">

        <record id="ir_cron_send_whatsapp_action" model="ir.cron">
            <field name="name">Send WhatsApp Messages</field>
            <field name="active" eval="True"/>
            <field name="interval_number">5</field>
            <field name="interval_type">minutes</field>
            <field name="numbercall">-1</field>
            <field name="model_id" ref="model_acs_whatsapp_message"/>
            <field name="state">code</field>
            <field name="code" eval="'model.complete_queue()'"/>
            <field name="doall" eval="True"/>
        </record>

        <record id="acs_whatsapp_verify_otp_template" model="acs.whatsapp.template">
            <field name="name">VerifyOTP</field>
            <field name="body_message_type">TEXT</field>
            <field name="body_message">Dear {{ object.name }},  {{ object.generated_otp_whatsapp }} is your OTP Verification.</field>
        </record>

        <record id="base.main_company" model="res.company">
            <field name="acs_waba_verify_otp_template_id" ref="acs_whatsapp_verify_otp_template"/>
        </record>

    </data>
</odoo>