<?xml version="1.0"?>
<odoo>
    <data noupdate="1">
        <record forcecreate="True" id="ir_cron_create_slot" model="ir.cron">
            <field name="name">Create Appointment Slots.</field>
            <field eval="True" name="active"/>
            <field name="interval_number">1</field>
            <field name="interval_type">days</field>
            <field name="numbercall">-1</field>
            <field eval="False" name="doall"/>
            <field ref="model_appointment_schedule_slot" name="model_id"/>
            <field name="state">code</field>
            <field eval="'model.weekly_slot_create_cron()'" name="code"/>
        </record>
    
        <record forcecreate="True" id="ir_cron_clear_appointment" model="ir.cron">
            <field name="name">Clear Appointment</field>
            <field eval="True" name="active"/>
            <field name="interval_number">5</field>
            <field name="interval_type">minutes</field>
            <field name="numbercall">-1</field>
            <field eval="False" name="doall"/>
            <field ref="model_hms_appointment" name="model_id"/>
            <field name="state">code</field>
            <field eval="'model.clear_appointment_cron()'" name="code"/>
        </record>

        <record id="menu_acs_appointment" model="website.menu">
            <field name="name">Appointment</field>
            <field name="url">/create/appointment</field>
            <field name="parent_id" ref="website.main_menu"/>
            <field name="sequence" type="int">20</field>
        </record>

     </data>
</odoo>