<?xml version="1.0" encoding="utf-8"?>
<odoo>
    <data noupdate="1">

        <record id="seq_acs_hms_operation_theater_booking" model="ir.sequence">
            <field name="name">Operation Theater Booking</field>
            <field name="code">acs.ot.booking</field>
            <field name="prefix">OTB</field>
            <field name="padding">3</field>
            <field name="acs_auto_create" eval="True"/>
            <field name="company_id" eval="False"/>
        </record>

    </data>
</odoo>