<odoo>
    <data noupdate="1">

        <!-- Vaccine Products -->
        <record id="acs_vaccine_product_0" model="product.template">
            <field name="name">AGGS 10000IU Injection 1's</field>
            <field name="type">product</field>
            <field name="hospital_product_type">vaccination</field>
            <field name="list_price">1485.0</field>
            <field name="standard_price">890.0</field>
            <field name="form_id" ref="acs_hms.drug_form_7"/>
            <field name="drug_company_id" ref="acs_hms.drug_company_0"/>
            <field name="image_1920" type="base64" file="acs_hms/static/src/img/medicines/injection.jpg"/>
        </record>

        <record id="acs_vaccine_product_1" model="product.template">
            <field name="name">GLATIMER 20mg Injection 1's</field>
            <field name="type">product</field>
            <field name="hospital_product_type">vaccination</field>
            <field name="list_price">29700</field>
            <field name="standard_price">15000</field>
            <field name="form_id" ref="acs_hms.drug_form_7"/>
            <field name="drug_company_id" ref="acs_hms.drug_company_1"/>
            <field name="image_1920" type="base64" file="acs_hms/static/src/img/medicines/injection.jpg"/>
        </record>

        <record id="acs_vaccine_product_2" model="product.template">
            <field name="name">ONCOVAC 40mg Injection</field>
            <field name="type">product</field>
            <field name="hospital_product_type">vaccination</field>
            <field name="list_price">590.0</field>
            <field name="standard_price">360.0</field>
            <field name="form_id" ref="acs_hms.drug_form_7"/>
            <field name="drug_company_id" ref="acs_hms.drug_company_2"/>
            <field name="image_1920" type="base64" file="acs_hms/static/src/img/medicines/injection.jpg"/>
        </record>

        <record id="acs_vaccine_product_3" model="product.template">
            <field name="name">STAMARIL Vaccine 0.5ml</field>
            <field name="type">product</field>
            <field name="hospital_product_type">vaccination</field>
            <field name="list_price">4060.0</field>
            <field name="standard_price">3200.0</field>
            <field name="form_id" ref="acs_hms.drug_form_7"/>
            <field name="drug_company_id" ref="acs_hms.drug_company_3"/>
            <field name="image_1920" type="base64" file="acs_hms/static/src/img/medicines/injection.jpg"/>
        </record>

        <record id="acs_vaccine_product_4" model="product.template">
            <field name="name">TETANUS TOXOID Injection 5ml</field>
            <field name="type">product</field>
            <field name="hospital_product_type">vaccination</field>
            <field name="list_price">28.0</field>
            <field name="standard_price">21.0</field>
            <field name="form_id" ref="acs_hms.drug_form_7"/>
            <field name="drug_company_id" ref="acs_hms.drug_company_4"/>
            <field name="image_1920" type="base64" file="acs_hms/static/src/img/medicines/injection.jpg"/>
        </record>

    </data>
</odoo>