<?xml version="1.0" encoding="UTF-8"?>
<odoo>
    <data noupdate="1">
        <!-- Appointment Purpose -->
        <record id="appointment_purpose_consultation" model="appointment.purpose">
            <field name="name">Consultation</field>
        </record>

        <record id="appointment_purpose_reports" model="appointment.purpose">
            <field name="name">Reports</field>
        </record>

        <record id="appointment_purpose_certificate" model="appointment.purpose">
            <field name="name">Certificate</field>
        </record>

        <!-- Appointment -->
        <record id="hms_appointment_0" model="hms.appointment">
            <field name="patient_id" ref="acs_hms.hmshms_patient_0"/>
            <field name="physician_id" ref="acs_hms.hms_physician_0"/>
            <field name="department_id"  ref="acs_hms.department_cardiology"/>
            <field name="state">confirm</field>
            <field name="consultation_type">followup</field>
            <field name="purpose_id" ref="appointment_purpose_reports"/>
        </record>

        <record id="hms_appointment_1" model="hms.appointment">
            <field name="patient_id" ref="acs_hms.hmshms_patient_2"/>
            <field name="physician_id" ref="acs_hms.hms_physician_4"/>
            <field name="department_id"  ref="acs_hms.department_ent"/>
            <field name="state">draft</field>
            <field name="consultation_type">consultation</field>
            <field name="purpose_id" ref="appointment_purpose_consultation"/>
        </record>

        <record id="hms_appointment_2" model="hms.appointment">
            <field name="patient_id" ref="acs_hms.hmshms_patient_3"/>
            <field name="physician_id" ref="acs_hms.hms_physician_4"/>
            <field name="department_id"  ref="acs_hms.department_ent"/>
            <field name="state">waiting</field>
            <field name="consultation_type">followup</field>
            <field name="purpose_id" ref="appointment_purpose_certificate"/>
        </record>

        <record id="hms_appointment_3" model="hms.appointment">
            <field name="patient_id" ref="acs_hms.hmshms_patient_1"/>
            <field name="physician_id" ref="acs_hms.hms_physician_2"/>
            <field name="department_id"  ref="acs_hms.department_general"/>
            <field name="state">in_consultation</field>
            <field name="consultation_type">consultation</field>
            <field name="purpose_id" ref="appointment_purpose_consultation"/>
        </record>

        <record id="hms_appointment_4" model="hms.appointment">
            <field name="patient_id" ref="acs_hms.hmshms_patient_4"/>
            <field name="physician_id" ref="acs_hms.hms_physician_0"/>
            <field name="department_id"  ref="acs_hms.department_cardiology"/>
            <field name="state">waiting</field>
            <field name="consultation_type">consultation</field>
            <field name="purpose_id" ref="appointment_purpose_consultation"/>
        </record>

    </data>
</odoo>
