<?xml version="1.0" encoding="UTF-8"?>
<odoo>
    <data noupdate="1">

        <!-- Departments -->
        <record id="department_general" model="hr.department">
            <field name="name">General</field>
        </record>

        <record id="department_cardiology" model="hr.department">
            <field name="name">Cardiology</field>
        </record>

        <record id="department_ent" model="hr.department">
            <field name="name">Ear nose and throat (ENT)</field>
        </record>

        <!-- Physician Specialty -->
        <record id="physician_specialty_0" model="physician.specialty">
            <field name="code">CAD</field>
            <field name="name">Cardiologist</field>
        </record>
        <record id="physician_specialty_1" model="physician.specialty">
            <field name="code">URO</field>
            <field name="name">Urologist</field>
        </record>
        <record id="physician_specialty_2" model="physician.specialty">
            <field name="code">NEU</field>
            <field name="name">Neurologist</field>
        </record>
        <record id="physician_specialty_3" model="physician.specialty">
            <field name="code">ORT</field>
            <field name="name">Orthopaedic</field>
        </record>
        <record id="physician_specialty_4" model="physician.specialty">
            <field name="code">PAE</field>
            <field name="name">Paediatric</field>
        </record>

        <!-- Physician Degree -->
        <record id="physician_degree_md" model="physician.degree">
            <field name="name">MD</field>
        </record>
        <record id="physician_degree_bds" model="physician.degree">
            <field name="name">BDS</field>
        </record>
        <record id="physician_degree_mbbs" model="physician.degree">
            <field name="name">MBBS</field>
        </record>

        <!-- Ref. Physician -->
        <record id="referring_doctor_0" model="res.partner">
            <field name="is_referring_doctor">True</field>
            <field name="name">Dr. T.S. Patel</field>
            <field name="email">ts.patel@yaho.in</field>
            <field name="phone">21545741</field>
            <field name="mobile">8455185251</field>
            <field name="city">Ahmedabad</field>
        </record>

        <record id="referring_doctor_1" model="res.partner">
            <field name="is_referring_doctor">True</field>
            <field name="name">Dr. V.K. Ratani</field>
            <field name="email">vkratani@almightycs-almightyhms.com</field>
            <field name="phone">41585214</field>
            <field name="mobile">9988855522</field>
            <field name="city">Surat</field>
        </record>
        <record id="referring_doctor_2" model="res.partner">
            <field name="is_referring_doctor">True</field>
            <field name="name">Dr. M.J. Patel</field>
            <field name="email">mjpatel@almightycs-almightyhms.com</field>
            <field name="phone">64455222</field>
            <field name="mobile">8555215925</field>
            <field name="city">Mumbai</field>
        </record>
        <record id="referring_doctor_3" model="res.partner">
            <field name="is_referring_doctor">True</field>
            <field name="name">Dr. J.P Nayar</field>
            <field name="email">nayarop@yahoo.in</field>
            <field name="phone">48488252</field>
            <field name="mobile">8445245632</field>
            <field name="city">Ahmedabad</field>
        </record>
        <record id="referring_doctor_4" model="res.partner">
            <field name="is_referring_doctor">True</field>
            <field name="name">Dr. Sana Khan</field>
            <field name="email">khan.Sana@almightycs-almightyhms.com</field>
            <field name="phone">25836995</field>
            <field name="mobile">8488836985</field>
            <field name="city">Ahmedabad</field>
        </record>

        <!-- Physician -->
        <record id="hms_physician_0" model="hms.physician">
            <field name="image_1920" type="base64" file="acs_hms/static/src/img/doc_img_0.jpg"/>
            <field name="name">Dr. Laxmi Patil</field>
            <field name="degree_ids" eval="[(4, ref('physician_degree_mbbs')),(4, ref('physician_degree_md'))]"></field>
            <field name="login">laxmi.patil@almightycs-almightyhms.com</field>
            <field name="active">True</field>
            <field name="code">001</field>
            <field name="consultaion_service_id" ref="hms_consultation_service_0"/>
            <field name="is_primary_surgeon">True</field>
            <field name="medical_license">215182589621</field>
            <field name="department_ids"  eval="[(4, ref('department_cardiology'))]"/>
            <field name="specialty_id" ref="physician_specialty_0" />
            <field name="street">8/D, Maruti Complex</field>
            <field name="street2">Paldi</field>
            <field name="city">Ahmedabad</field>
            <field name="country_id" ref="base.in"/>
            <field name="zip">380012</field>
            <field name="website">www.laxmipatil.in</field>
            <field name="phone">25896325</field>
            <field name="mobile">9898825974</field>
            <field name="email">laxmi.patil@almightycs-almightyhms.com</field>
            <field name="signature" type="base64" file="acs_hms/static/src/img/doc_sign_0.png" />
        </record>

        <record id="hms_physician_1" model="hms.physician">
            <field name="image_1920" type="base64" file="acs_hms/static/src/img/doc_img_1.jpg"/>
            <field name="name">Dr. Devishree Shetty</field>
            <field name="degree_ids" eval="[(4, ref('physician_degree_mbbs')),(4, ref('physician_degree_md'))]"></field>
            <field name="login">devi.shetty@almightycs-almightyhms.com</field>
            <field name="active">True</field>
            <field name="code">002</field>
            <field name="consultaion_service_id" ref="hms_consultation_service_0"/>
            <field name="is_primary_surgeon">False</field>
            <field name="medical_license">315182589621</field>
            <field name="department_ids"  eval="[(4, ref('department_ent'))]"/>
            <field name="specialty_id" ref="physician_specialty_3" />
            <field name="street">101,Nita Complex</field>
            <field name="street2">Near RTO circal</field>
            <field name="city">Ahmedabad</field>
            <field name="zip">380025</field>
            <field name="website">www.prasadhospital.com</field>
            <field name="country_id" ref="base.in"/>
            <field name="phone">7929231234</field>
            <field name="mobile">9429231234</field>
            <field name="email">devi.shetty@almightycs-almightyhms.com</field>
            <field name="signature" type="base64" file="acs_hms/static/src/img/doc_sign_1.png" />
        </record>

        <record id="hms_physician_2" model="hms.physician">
            <field name="image_1920" type="base64" file="acs_hms/static/src/img/doc_img_2.jpg"/>
            <field name="name">Dr. Himashu Shah</field>
            <field name="degree_ids" eval="[(4, ref('physician_degree_mbbs')),(4, ref('physician_degree_md'))]"></field>
            <field name="login">himanshu@almightycs-almightyhms.com</field>
            <field name="active">True</field>
            <field name="code">003</field>
            <field name="consultaion_service_id" ref="hms_consultation_service_0"/>
            <field name="is_primary_surgeon">True</field>
            <field name="medical_license">515182589621</field>
            <field name="department_ids" eval="[(4, ref('department_general'))]" />
            <field name="specialty_id" ref="physician_specialty_1" />
            <field name="street">Hiteck Hospital</field>
            <field name="street2">Naroda Road </field>
            <field name="city">Ahmedabad</field>
            <field name="zip">380015</field>
            <field name="website">www.hiteck.com</field>
            <field name="country_id" ref="base.in"/>
            <field name="phone">7929236985</field>
            <field name="mobile">9429236985</field>
            <field name="email">himanshu@almightycs-almightyhms.com</field>
            <field name="signature" type="base64" file="acs_hms/static/src/img/doc_sign_2.png" />
        </record>

        <record id="hms_physician_3" model="hms.physician">
            <field name="image_1920" type="base64" file="acs_hms/static/src/img/doc_img_3.jpg"/>
            <field name="name">Dr. Khwahish</field>
            <field name="degree_ids" eval="[(4, ref('physician_degree_mbbs')),(4, ref('physician_degree_md'))]"></field>
            <field name="login">khwahish@almightycs-almightyhms.com</field>
            <field name="active">True</field>
            <field name="code">004</field>
            <field name="consultaion_service_id" ref="hms_consultation_service_0"/>
            <field name="is_primary_surgeon">True</field>
            <field name="medical_license">900245788505</field>
            <field name="specialty_id" ref="physician_specialty_4" />
            <field name="department_ids" eval="[(4, ref('department_general'))]" />
            <field name="street">78, Payal Park</field>
            <field name="street2">Jodhpur</field>
            <field name="city">Ahmedabad</field>
            <field name="zip">380012</field>
            <field name="website">www.civilhospital.in</field>
            <field name="country_id" ref="base.in"/>
            <field name="phone">7985631254</field>
            <field name="mobile">9854896213</field>
            <field name="email">khwahish@almightycs-almightyhms.com</field>
            <field name="signature" type="base64" file="acs_hms/static/src/img/doc_sign_3.png" />
        </record>

        <record id="hms_physician_4" model="hms.physician">
            <field name="image_1920" type="base64" file="acs_hms/static/src/img/doc_img_4.jpg"/>
            <field name="name">Dr. Zoya Patel</field>
            <field name="degree_ids" eval="[(4, ref('physician_degree_mbbs'))]"></field>
            <field name="login">zoya@almightycs-almightyhms.com</field>
            <field name="active">True</field>
            <field name="code">005</field>
            <field name="consultaion_service_id" ref="hms_consultation_service_0"/>
            <field name="is_primary_surgeon">True</field>
            <field name="medical_license">548755400052</field>
            <field name="department_ids" eval="[(4, ref('department_ent'))]" />
            <field name="specialty_id" ref="physician_specialty_3" />
            <field name="street">45, Prit Park</field>
            <field name="street2">Paldi</field>
            <field name="city">Ahmedabad</field>
            <field name="zip">547854</field>
            <field name="website">www.raohospital.in</field>
            <field name="country_id" ref="base.in"/>
            <field name="phone">011-24511154</field>
            <field name="mobile">8755400021</field>
            <field name="email">zoya@almightycs-almightyhms.com</field>
            <field name="signature" type="base64" file="acs_hms/static/src/img/doc_sign_4.png" />
        </record>

        <record id="hms_physician_5" model="hms.physician">
            <field name="image_1920" type="base64" file="acs_hms/static/src/img/doc_img_5.jpg"/>
            <field name="name">Dr. Wilson</field>
            <field name="degree_ids" eval="[(4, ref('physician_degree_mbbs')),(4, ref('physician_degree_bds'))]"></field>
            <field name="login">wilson@almightycs-almightyhms.com</field>
            <field name="active">True</field>
            <field name="code">006</field>
            <field name="consultaion_service_id" ref="hms_consultation_service_0"/>
            <field name="is_primary_surgeon">True</field>
            <field name="medical_license">721245778045</field>
            <field name="department_ids" eval="[(4, ref('department_general'))]"/>
            <field name="specialty_id" ref="physician_specialty_4" />
            <field name="street">45, Sanskardham society</field>
            <field name="street2">Prahladnagar</field>
            <field name="city">Ahmedabad</field>
            <field name="zip">547850</field>
            <field name="website">www.wilson.com</field>
            <field name="country_id" ref="base.in"/>
            <field name="phone">021-27214411</field>
            <field name="mobile">9811001208</field>
            <field name="email">wilson@almightycs-almightyhms.com</field>
            <field name="signature" type="base64" file="acs_hms/static/src/img/doc_sign_5.png" />
        </record>
    </data>
</odoo>