<?xml version="1.0" encoding="UTF-8"?>
<odoo>
    <data noupdate="1">

        <!-- Medication Drug Company -->
        <record id="drug_company_0" model="drug.company">
            <field name="code">Aelicure</field>
            <field name="name">Aelicure</field>
        </record>
        <record id="drug_company_1" model="drug.company">
            <field name="code">Torrent</field>
            <field name="name">Torrent</field>
        </record>
        <record id="drug_company_2" model="drug.company">
            <field name="code">Sun</field>
            <field name="name">Sun Pharma</field>
        </record>
        <record id="drug_company_3" model="drug.company">
            <field name="code">Cipla</field>
            <field name="name">Cipla</field>
        </record>
        <record id="drug_company_4" model="drug.company">
            <field name="code">Cadila</field>
            <field name="name">Cadila</field>
        </record>
        <record id="drug_company_5" model="drug.company">
            <field name="code">Glenmark</field>
            <field name="name">Glenmark</field>
        </record>

        <!-- Medication Drug form -->
        <record id="drug_form_0" model="drug.form">
            <field name="code">CAP</field>
            <field name="name">CAPSULE</field>
        </record>
        <record id="drug_form_1" model="drug.form">
            <field name="code">CREAM</field>
            <field name="name">CREAM</field>
        </record>
        <record id="drug_form_2" model="drug.form">
            <field name="code">EMULSION</field>
            <field name="name">EMULSION</field>
        </record>
        <record id="drug_form_3" model="drug.form">
            <field name="code">ENEMA</field>
            <field name="name">ENEMA</field>
        </record>
        <record id="drug_form_4" model="drug.form">
            <field name="code">GEL</field>
            <field name="name">GEL</field>
        </record>
        <record id="drug_form_5" model="drug.form">
            <field name="code">INJ</field>
            <field name="name">INJECTION</field>
        </record>
        <record id="drug_form_6" model="drug.form">
            <field name="code">LIQ</field>
            <field name="name">LIQUID</field>
        </record>
        <record id="drug_form_7" model="drug.form">
            <field name="code">TAB</field>
            <field name="name">TABLET</field>
        </record>

        <!--Medication Dosage/Frequency -->
        <record id="medication_dosage_0" model="medicament.dosage">
            <field name="abbreviation">1-1-1</field>
            <field name="code">3</field>
            <field name="name">Take one in morning, noon and evening.</field>
        </record>
        <record id="medication_dosage_1" model="medicament.dosage">
            <field name="abbreviation">1-0-0</field>
            <field name="code">1</field>
            <field name="name">Take one in morning</field>
        </record>
        <record id="medication_dosage_2" model="medicament.dosage">
            <field name="abbreviation">1-0-1</field>
            <field name="code">2</field>
            <field name="name">Take one in morning and evening</field>
        </record>
        <record id="medication_dosage_3" model="medicament.dosage">
            <field name="abbreviation">1/2 - 1/2 - 1/2</field>
            <field name="code">1.5</field>
            <field name="name">Half in morning , Half at noon and Half in evening.</field>
        </record>
        <record id="medication_dosage_4" model="medicament.dosage">
            <field name="abbreviation">on empty stomach</field>
            <field name="code">0</field>
            <field name="name">on empty stomach</field>
        </record>
        <record id="medication_dosage_5" model="medicament.dosage">
            <field name="abbreviation">after snacks or with milk</field>
            <field name="code">0</field>
            <field name="name">after snacks or with milk</field>
        </record>
        <record id="medication_dosage_6" model="medicament.dosage">
            <field name="abbreviation">after meals or with milk.</field>
            <field name="code">0</field>
            <field name="name">after meals or with milk.</field>
        </record>
        <record id="medication_dosage_7" model="medicament.dosage">
            <field name="abbreviation">two at bedtime with water</field>
            <field name="code">2</field>
            <field name="name">two at bedtime with water</field>
        </record>

        <!-- Medication Product -->
        <record id="product.product_product_7" model="product.product">
            <field name="name">Akilos-P</field>
            <field name="type">product</field>
            <field name="hospital_product_type">medicament</field>
            <!-- <field name="list_price">170.0</field>
            <field name="standard_price">100.0</field> -->
            <field name="common_dosage_id" ref="medication_dosage_2"/>
            <field name="form_id" ref="drug_form_7"/>
            <field name="drug_company_id" ref="drug_company_0"/>
            <field name="image_1920" type="base64" file="acs_hms/static/src/img/medicines/Tablets2.jpg"/>
        </record>

        <record id="product.product_product_8" model="product.product">
            <field name="name">ACAMPROL 333mg</field>
            <field name="type">product</field>
            <field name="hospital_product_type">medicament</field>
            <!-- <field name="list_price">50.0</field>
            <field name="standard_price">75.0</field> -->
            <field name="common_dosage_id" ref="medication_dosage_2"/>
            <field name="form_id" ref="drug_form_7"/>
            <field name="drug_company_id" ref="drug_company_1"/>
            <field name="image_1920" type="base64" file="acs_hms/static/src/img/medicines/tablets.png"/>
        </record>

        <record id="product.product_delivery_01" model="product.product">
            <field name="name">ADRIL Lotion 100ml</field>
            <field name="type">product</field>
            <field name="hospital_product_type">medicament</field>
            <!-- <field name="list_price">300.0</field>
            <field name="standard_price">342.0</field> -->
            <field name="common_dosage_id" ref="medication_dosage_2"/>
            <field name="form_id" ref="drug_form_7"/>
            <field name="drug_company_id" ref="drug_company_2"/>
            <field name="image_1920" type="base64" file="acs_hms/static/src/img/medicines/drug.png"/>
            <field name="default_code">ALMIGHTYCS-M1</field>
        </record>

        <record id="product.product_delivery_02" model="product.product">
            <field name="name">VICKS</field>
            <field name="type">product</field>
            <field name="hospital_product_type">medicament</field>
            <!-- <field name="list_price">150.0</field>
            <field name="standard_price">120.0</field> -->
            <field name="common_dosage_id" ref="medication_dosage_2"/>
            <field name="form_id" ref="drug_form_7"/>
            <field name="drug_company_id" ref="drug_company_3"/>
            <field name="image_1920" type="base64" file="acs_hms/static/src/img/medicines/vicks.png"/>
            <field name="default_code">ALMIGHTYCS-M2</field>
        </record>

        <record id="product.product_order_01" model="product.product">
            <field name="name">ADCOB TABLET 20'S</field>
            <field name="type">product</field>
            <field name="hospital_product_type">medicament</field>
            <!-- <field name="list_price">150.0</field>
            <field name="standard_price">120.0</field> -->
            <field name="common_dosage_id" ref="medication_dosage_2"/>
            <field name="form_id" ref="drug_form_7"/>
            <field name="drug_company_id" ref="drug_company_4"/>
            <field name="image_1920" type="base64" file="acs_hms/static/src/img/medicines/Tablets2.jpg"/>
            <field name="default_code">ALMIGHTYCS-M3</field>
        </record>

        <record id="product.product_product_3" model="product.product">
            <field name="name">GRIDE 1mg Tablet</field>
            <field name="type">product</field>
            <field name="hospital_product_type">medicament</field>
            <!-- <field name="list_price">40.0</field>
            <field name="standard_price">30.0</field> -->
            <field name="common_dosage_id" ref="medication_dosage_2"/>
            <field name="form_id" ref="drug_form_7"/>
            <field name="drug_company_id" ref="drug_company_5"/>
            <field name="image_1920" type="base64" file="acs_hms/static/src/img/medicines/tablets.png"/>
            <field name="default_code">ALMIGHTYCS-M4</field>
        </record>

        <record id="product.product_product_4" model="product.product">
            <field name="name">KLOTFREE A 75mg</field>
            <field name="type">product</field>
            <field name="hospital_product_type">medicament</field>
            <!-- <field name="list_price">28.0</field>
            <field name="standard_price">21.0</field> -->
            <field name="common_dosage_id" ref="medication_dosage_2"/>
            <field name="form_id" ref="drug_form_7"/>
            <field name="drug_company_id" ref="drug_company_0"/>
            <field name="image_1920" type="base64" file="acs_hms/static/src/img/medicines/Tablets2.jpg"/>
            <field name="default_code">ALMIGHTYCS-M5</field>
        </record>

        <record id="product.product_product_4b" model="product.product">
            <field name="name">AQUALUBE Eye Drops 10ml</field>
            <field name="type">product</field>
            <field name="hospital_product_type">medicament</field>
            <!-- <field name="list_price">131.0</field>
            <field name="standard_price">108.0</field> -->
            <field name="common_dosage_id" ref="medication_dosage_2"/>
            <field name="form_id" ref="drug_form_7"/>
            <field name="drug_company_id" ref="drug_company_1"/>
            <field name="image_1920" type="base64" file="acs_hms/static/src/img/medicines/drop.png"/>
            <field name="default_code">ALMIGHTYCS-M6</field>
        </record>

        <record id="product.product_product_4c" model="product.product">
            <field name="name">JAKAVI 5mg Tablet</field>
            <field name="type">product</field>
            <field name="hospital_product_type">medicament</field>
            <!-- <field name="list_price">131.0</field>
            <field name="standard_price">108.0</field> -->
            <field name="common_dosage_id" ref="medication_dosage_2"/>
            <field name="form_id" ref="drug_form_7"/>
            <field name="drug_company_id" ref="drug_company_2"/>
            <field name="image_1920" type="base64" file="acs_hms/static/src/img/medicines/tablets.png"/>
            <field name="default_code">ALMIGHTYCS-M7</field>
        </record>

        <!-- <record id="product.product_product_5" model="product.product">
            <field name="name">ENTECA 1mg Tablet</field>
            <field name="type">product</field>
            <field name="hospital_product_type">medicament</field>
            <field name="common_dosage_id" ref="medication_dosage_2"/>
            <field name="form_id" ref="drug_form_7"/>
            <field name="drug_company_id" ref="drug_company_4"/>
            <field name="image_1920" type="base64" file="acs_hms/static/src/img/medicines/Tablets2.jpg"/>
            <field name="default_code">ALMIGHTYCS-M9</field>
        </record> -->
 
        <record id="product.product_product_6" model="product.product">
            <field name="name">REDOTREX 500mg Injection 5ml</field>
            <field name="type">product</field>
            <field name="hospital_product_type">medicament</field>
            <!-- <field name="list_price">21.0</field>
            <field name="standard_price">8.0</field> -->
            <field name="common_dosage_id" ref="medication_dosage_2"/>
            <field name="form_id" ref="drug_form_7"/>
            <field name="drug_company_id" ref="drug_company_5"/>
            <field name="image_1920" type="base64" file="acs_hms/static/src/img/medicines/injection.jpg"/>
            <field name="default_code">ALMIGHTYCS-M10</field>
        </record>

        <record id="product.product_product_1_product_template" model="product.template">
            <field name="name">Virtual Consultation</field>
            <field name="hospital_product_type">consultation</field>
            <field name="image_1920" type="base64" file="acs_hms/static/src/img/medicines/drug.png"/>
            <field name="default_code">ALMIGHTYCS-VC</field>
        </record>
        
        <record id="product.product_product_4_product_template" model="product.template">
            <field name="name">CITOX DT</field>
            <field name="hospital_product_type">medicament</field>
            <field name="common_dosage_id" ref="medication_dosage_2"/>
            <field name="form_id" ref="drug_form_7"/>
            <field name="drug_company_id" ref="drug_company_5"/>
            <field name="image_1920" type="base64" file="acs_hms/static/src/img/medicines/Tablets2.jpg"/>
            <field name="default_code">ALMIGHTYCS-M11</field>
        </record>

        <!-- <record id="product.product_product_5_product_template" model="product.template">
            <field name="name">Lopamide</field>
            <field name="hospital_product_type">medicament</field>
            <field name="common_dosage_id" ref="medication_dosage_2"/>
            <field name="form_id" ref="drug_form_7"/>
            <field name="drug_company_id" ref="drug_company_4"/>
            <field name="image_1920" type="base64" file="acs_hms/static/src/img/medicines/Tablets2.jpg"/>
            <field name="default_code">ALMIGHTYCS-M12</field>
        </record> -->

        <record id="product.product_product_6_product_template" model="product.template">
            <field name="name">Nelphinavir</field>
            <field name="hospital_product_type">medicament</field>
            <field name="common_dosage_id" ref="medication_dosage_2"/>
            <field name="form_id" ref="drug_form_7"/>
            <field name="drug_company_id" ref="drug_company_4"/>
            <field name="image_1920" type="base64" file="acs_hms/static/src/img/medicines/Tablets2.jpg"/>
            <field name="default_code">ALMIGHTYCS-M13</field>
        </record>
        
        <record id="product.product_product_7_product_template" model="product.template">
            <field name="name">Remdesivir</field>
            <field name="hospital_product_type">medicament</field>
            <field name="common_dosage_id" ref="medication_dosage_2"/>
            <field name="form_id" ref="drug_form_7"/>
            <field name="drug_company_id" ref="drug_company_5"/>
            <field name="image_1920" type="base64" file="acs_hms/static/src/img/medicines/injection.jpg"/>
            <field name="default_code">ALMIGHTYCS-M14</field>
        </record>

        <record id="product.product_product_8_product_template" model="product.template">
            <field name="name">Fabiflu</field>
            <field name="hospital_product_type">medicament</field>
            <field name="common_dosage_id" ref="medication_dosage_2"/>
            <field name="form_id" ref="drug_form_7"/>
            <field name="drug_company_id" ref="drug_company_4"/>
            <field name="image_1920" type="base64" file="acs_hms/static/src/img/medicines/tablets.png"/>
            <field name="default_code">ALMIGHTYCS-M15</field>
        </record>

         <record id="product.product_product_9" model="product.product">
            <field name="name">Azithromycin</field>
            <field name="type">product</field>
            <field name="hospital_product_type">medicament</field>
            <field name="common_dosage_id" ref="medication_dosage_2"/>
            <field name="form_id" ref="drug_form_7"/>
            <field name="drug_company_id" ref="drug_company_3"/>
            <field name="image_1920" type="base64" file="acs_hms/static/src/img/medicines/Tablets2.jpg"/>
            <field name="default_code">ALMIGHTYCS-M16</field>
        </record>

        <record id="product.product_product_10" model="product.product">
            <field name="name">Baclofen</field>
            <field name="type">product</field>
            <field name="hospital_product_type">medicament</field>
            <field name="common_dosage_id" ref="medication_dosage_2"/>
            <field name="form_id" ref="drug_form_7"/>
            <field name="drug_company_id" ref="drug_company_3"/>
            <field name="image_1920" type="base64" file="acs_hms/static/src/img/medicines/Tablets2.jpg"/>
            <field name="default_code">ALMIGHTYCS-M17</field>
        </record>

        <record id="product.product_product_11_product_template" model="product.template">
            <field name="name">Cefepime</field>
            <field name="type">product</field>
            <field name="hospital_product_type">medicament</field>
            <field name="common_dosage_id" ref="medication_dosage_2"/>
            <field name="form_id" ref="drug_form_7"/>
            <field name="drug_company_id" ref="drug_company_3"/>
            <field name="image_1920" type="base64" file="acs_hms/static/src/img/medicines/Tablets2.jpg"/>
            <field name="default_code">ALMIGHTYCS-M18</field>
        </record>


        <record id="product.product_product_12" model="product.product">
            <field name="name">Cisplatin</field>
            <field name="hospital_product_type">medicament</field>
            <field name="common_dosage_id" ref="medication_dosage_2"/>
            <field name="form_id" ref="drug_form_7"/>
            <field name="drug_company_id" ref="drug_company_4"/>
            <field name="image_1920" type="base64" file="acs_hms/static/src/img/medicines/Tablets2.jpg"/>
            <field name="default_code">ALMIGHTYCS-M19</field>
        </record>

        <record id="product.product_product_13" model="product.product">
            <field name="name">Dasatinib</field>
            <field name="hospital_product_type">medicament</field>
            <field name="common_dosage_id" ref="medication_dosage_2"/>
            <field name="form_id" ref="drug_form_7"/>
            <field name="drug_company_id" ref="drug_company_4"/>
            <field name="image_1920" type="base64" file="acs_hms/static/src/img/medicines/tablets.png"/>
            <field name="default_code">ALMIGHTYCS-M20</field>
        </record>

        <record id="product.product_product_16" model="product.product">
            <field name="name">Dinutuximab</field>
            <field name="hospital_product_type">medicament</field>
            <field name="common_dosage_id" ref="medication_dosage_2"/>
            <field name="form_id" ref="drug_form_7"/>
            <field name="drug_company_id" ref="drug_company_4"/>
            <field name="image_1920" type="base64" file="acs_hms/static/src/img/medicines/Tablets2.jpg"/>
            <field name="default_code">ALMIGHTYCS-M22</field>
        </record>

        <record id="product.product_product_20" model="product.product">
            <field name="name">Enalapril</field>
            <field name="hospital_product_type">medicament</field>
            <field name="common_dosage_id" ref="medication_dosage_2"/>
            <field name="form_id" ref="drug_form_7"/>
            <field name="drug_company_id" ref="drug_company_4"/>
            <field name="image_1920" type="base64" file="acs_hms/static/src/img/medicines/Tablets2.jpg"/>
            <field name="default_code">ALMIGHTYCS-M23</field>
        </record>

        <record id="product.product_product_22" model="product.product">
            <field name="name">Ganciclovir</field>
            <field name="hospital_product_type">medicament</field>
            <field name="common_dosage_id" ref="medication_dosage_2"/>
            <field name="form_id" ref="drug_form_7"/>
            <field name="drug_company_id" ref="drug_company_4"/>
            <field name="image_1920" type="base64" file="acs_hms/static/src/img/medicines/Tablets2.jpg"/>
            <field name="default_code">ALMIGHTYCS-M24</field>
        </record>

        <record id="product.product_product_24" model="product.product">
            <field name="name">Foscarnet</field>
            <field name="hospital_product_type">medicament</field>
            <field name="common_dosage_id" ref="medication_dosage_2"/>
            <field name="form_id" ref="drug_form_7"/>
            <field name="drug_company_id" ref="drug_company_4"/>
            <field name="image_1920" type="base64" file="acs_hms/static/src/img/medicines/Tablets2.jpg"/>
            <field name="default_code">ALMIGHTYCS-M25</field>
        </record>

        <record id="product.product_product_25" model="product.product">
            <field name="name">Irinotecan</field>
            <field name="hospital_product_type">medicament</field>
            <field name="common_dosage_id" ref="medication_dosage_2"/>
            <field name="form_id" ref="drug_form_7"/>
            <field name="drug_company_id" ref="drug_company_4"/>
            <field name="image_1920" type="base64" file="acs_hms/static/src/img/medicines/Tablets2.jpg"/>
            <field name="default_code">ALMIGHTYCS-M26</field>
        </record>

        <record id="product.product_product_27" model="product.product">
            <field name="name">Linezolid</field>
            <field name="hospital_product_type">medicament</field>
            <field name="common_dosage_id" ref="medication_dosage_2"/>
            <field name="form_id" ref="drug_form_7"/>
            <field name="drug_company_id" ref="drug_company_4"/>
            <field name="image_1920" type="base64" file="acs_hms/static/src/img/medicines/Tablets2.jpg"/>
            <field name="default_code">ALMIGHTYCS-M27</field>
        </record>

        <record id="product.consu_delivery_03" model="product.product">
            <field name="name">Methadone</field>
            <field name="hospital_product_type">medicament</field>
            <field name="common_dosage_id" ref="medication_dosage_2"/>
            <field name="form_id" ref="drug_form_7"/>
            <field name="drug_company_id" ref="drug_company_4"/>
            <field name="image_1920" type="base64" file="acs_hms/static/src/img/medicines/tablets.png"/>
            <field name="default_code">ALMIGHTYCS-M28</field>
        </record>

        <record id="product.consu_delivery_02" model="product.product">
            <field name="name">Oxycodone</field>
            <field name="hospital_product_type">medicament</field>
            <field name="common_dosage_id" ref="medication_dosage_2"/>
            <field name="form_id" ref="drug_form_7"/>
            <field name="drug_company_id" ref="drug_company_4"/>
            <field name="image_1920" type="base64" file="acs_hms/static/src/img/medicines/Tablets2.jpg"/>
            <field name="default_code">ALMIGHTYCS-M29</field>
        </record>

        <record id="product.consu_delivery_01" model="product.product">
            <field name="name">Ritonavir</field>
            <field name="hospital_product_type">medicament</field>
            <field name="common_dosage_id" ref="medication_dosage_2"/>
            <field name="form_id" ref="drug_form_7"/>
            <field name="drug_company_id" ref="drug_company_4"/>
            <field name="image_1920" type="base64" file="acs_hms/static/src/img/medicines/Tablets2.jpg"/>
            <field name="default_code">ALMIGHTYCS-M30</field>
        </record>

        <record id="stock.product_cable_management_box_product_template" model="product.template">
            <field name="name">Lemolate</field>
            <field name="hospital_product_type">medicament</field>
            <field name="common_dosage_id" ref="medication_dosage_2"/>
            <field name="form_id" ref="drug_form_7"/>
            <field name="drug_company_id" ref="drug_company_4"/>
            <field name="image_1920" type="base64" file="acs_hms/static/src/img/medicines/tablets.png"/>
            <field name="default_code">ALMIGHTYCS-M31</field>
        </record>
        
    </data>
</odoo>