<?xml version="1.0" encoding="UTF-8"?>
<odoo>
    <data noupdate="1">
        <!-- Diseases -->
        <record id="hms_diseases_0" model="hms.diseases">
            <field name="name">Cholera</field>
            <field name="info">Cholera is a disease caused by bacteria that produce a watery diarrhea that can rapidly lead to dehydration.</field>
        </record>
        <record id="hms_diseases_1" model="hms.diseases">
            <field name="name">Hair Loss</field>
            <field name="info">Hair loss is a very common condition and affects most people at some time in their lives.</field>
        </record>
        <record id="hms_diseases_2" model="hms.diseases">
            <field name="name">Sinus Headache</field>
            <field name="info">Sinuses in the face are air the spaces that develop from the nasal passages and help with air humidification and mucus secretion..</field>
        </record>
        <record id="hms_diseases_3" model="hms.diseases">
            <field name="name">Heart Attack</field>
            <field name="info">A heart attack results when a blood clot completely obstructs a coronary artery supplying blood to the heart muscle and heart muscle dies.</field>
        </record>
        <record id="hms_diseases_4" model="hms.diseases">
            <field name="name">Hepatitis</field>
            <field name="info">Many illnesses and conditions can cause inflammation of the liver (hepatitis), but certain viruses cause about half of all hepatitis in people.</field>
        </record>
        <record id="hms_diseases_5" model="hms.diseases">
            <field name="name">Heart Disease</field>
            <field name="info">Heart disease refers to various types of conditions that can affect heart function.</field>
        </record>
        <record id="hms_diseases_6" model="hms.diseases">
            <field name="name">Hernia</field>
            <field name="info">An abdominal hernia occurs when an organ or other piece of tissue protrudes through a weakening in one of the muscle walls that enclose the abdominal cavity.</field>
        </record>

        <!-- Family Diseases -->
        <record id="hms_patient_family_diseases_0" model="hms.patient.family.diseases">
            <field name="diseases_ids" eval="[(4, ref('hms_diseases_1')),(4, ref('hms_diseases_4'))]" />
            <field name="relative">aunt</field>
            <field name="xory">m</field>
        </record>
        <record id="hms_patient_family_diseases_1" model="hms.patient.family.diseases">
            <field name="diseases_ids" eval="[(4, ref('hms_diseases_6'))]" />
            <field name="relative">aunt</field>
            <field name="xory">f</field>
        </record>
        <record id="hms_patient_family_diseases_2" model="hms.patient.family.diseases">
            <field name="diseases_ids" eval="[(4, ref('hms_diseases_3'))]" />
            <field name="relative">grandfather</field>
            <field name="xory">f</field>
        </record>

        <!-- Patient Disease Genes -->
        <record id="disease_gene_0" model="disease.gene">
            <field name="name">Colon Cancer or Lynch syndrome</field>
            <field name="gene_id">Cancer</field>
            <field name="long_name">hereditary non-polyposis colorectal cancer (HNPCC)</field>
            <field name="location">development of cancer in the colon or rectum</field>
            <field name="chromosome">MSH2 on chromosome 2,
            MLH1 on chromosome 3,
            PMS2 on chromosome 7,
            MSH6 on chromosome 2,
            PMS1 on chromosome 2</field>
            <field name="info">Colon cancer is cancer of the large intestine (colon), the lower part of your digestive system. Rectal cancer is cancer of the last several inches of the colon. Together, they're often referred to as colorectal cancers.</field>
            <field name="dominance">d</field>
        </record>

        <!-- Patient -->
        <record id="hmshms_patient_0" model="hms.patient">
            <field name="image_1920" type="base64" file="acs_hms/static/src/img/patient_img_0.jpg" />
            <field name="name">Neeta k. Shah</field>
            <field name="birthday">1980-09-04</field>
            <field name="gov_code">852141237452</field>
            <field name="primary_physician_id" ref="acs_hms.hms_physician_0" />
            <field name="ref_doctor_ids" eval="[(4, ref('referring_doctor_0')),(4, ref('referring_doctor_2'))]" />
            <field name="gender">female</field>
            <field name="marital_status">single</field>
            <field name="blood_group">B+</field>
            <field name="street">14/D,Zeel Plaza</field>
            <field name="street2">Paldi</field>
            <field name="city">Ahmedabad</field>
            <field name="country_id" ref="base.in" />
            <field name="zip">380012</field>
            <field name="phone">25891595</field>
            <field name="mobile">9798825862</field>
            <field name="email">neeta.shah@almightycs-almightyhms.com</field>
            <field name="medical_history">1) Multiple Sclerosis, stable for several years; now requires a walker for ambulation and has needed a wheelchair in the past. 2) Spinal stenosis, severe, with multiple previous laminectomies.</field>
            <field name="family_history_ids" eval="[(4,ref('hms_patient_family_diseases_0'))]" />
        </record>
        <record id="hmshms_patient_1" model="hms.patient">
            <field name="image_1920" type="base64" file="acs_hms/static/src/img/patient_img_1.jpg" />
            <field name="name">Meena D. Amin</field>
            <field name="birthday">1996-09-20</field>
            <field name="gov_code">877141238455</field>
            <field name="primary_physician_id" ref="acs_hms.hms_physician_2" />
            <field name="ref_doctor_ids" eval="[(4, ref('referring_doctor_3'))]" />
            <field name="gender">female</field>
            <field name="marital_status">single</field>
            <field name="blood_group">AB+</field>
            <field name="street">2/A,OM Plaza</field>
            <field name="street2">Vasna</field>
            <field name="city">Ahmedabad</field>
            <field name="country_id" ref="base.in" />
            <field name="zip">380012</field>
            <field name="phone">25875582</field>
            <field name="mobile">9363274522</field>
            <field name="email">amin.seema2000@almightycs-almightyhms.com</field>
            <field name="medical_history">1) Multiple Sclerosis, stable for several years; now requires a walker for ambulation and has needed a wheelchair in the past. 2) Spinal stenosis, severe, with multiple previous laminectomies.</field>
            <field name="family_history_ids" eval="[(4,ref('hms_patient_family_diseases_2'))]" />
        </record>
        <record id="hmshms_patient_2" model="hms.patient">
            <field name="image_1920" type="base64" file="acs_hms/static/src/img/patient_img_2.jpg" />
            <field name="name">John Peter</field>
            <field name="birthday">1998-09-22</field>
            <field name="gov_code">877141238451</field>
            <field name="primary_physician_id" ref="acs_hms.hms_physician_4" />
            <field name="gender">male</field>
            <field name="marital_status">single</field>
            <field name="blood_group">A-</field>
            <field name="street">2/A,OM Plaza</field>
            <field name="street2">Ajad Socity</field>
            <field name="city">Mumbai</field>
            <field name="country_id" ref="base.in" />
            <field name="zip">380012</field>
            <field name="phone">79875582</field>
            <field name="mobile">9429230051</field>
            <field name="email">dhavalr007@almightycs-almightyhms.com</field>
            <field name="medical_history">1) Multiple Sclerosis, stable for several years; now requires a walker for ambulation and has needed a wheelchair in the past. 2) Spinal stenosis, severe, with multiple previous laminectomies.</field>
            <field name="family_history_ids" eval="[(4,ref('hms_patient_family_diseases_2'))]" />
        </record>
        <record id="hmshms_patient_3" model="hms.patient">
            <field name="image_1920" type="base64" file="acs_hms/static/src/img/patient_img_3.jpg" />
            <field name="name">Elen N. Kothari</field>
            <field name="birthday">1980-08-21</field>
            <field name="gov_code">887141238455</field>
            <field name="primary_physician_id" ref="acs_hms.hms_physician_4" />
            <field name="ref_doctor_ids" eval="[(4, ref('referring_doctor_1'))]" />
            <field name="gender">female</field>
            <field name="marital_status">married</field>
            <field name="blood_group">AB-</field>
            <field name="street">201/A, Royal Complex</field>
            <field name="street2">Kannada</field>
            <field name="city">Kannada</field>
            <field name="country_id" ref="base.in" />
            <field name="zip">560012</field>
            <field name="phone">30875582</field>
            <field name="mobile">9798830556</field>
            <field name="email">elen@almightycs-almightyhms.com</field>
            <field name="medical_history">1) Multiple Sclerosis, stable for several years; now requires a walker for ambulation and has needed a wheelchair in the past. 2) Spinal stenosis, severe, with multiple previous laminectomies.</field>
            <field name="family_history_ids" eval="[(4,ref('hms_patient_family_diseases_2'))]" />
        </record>
        <record id="hmshms_patient_4" model="hms.patient">
            <field name="image_1920" type="base64" file="acs_hms/static/src/img/patient_img_4.jpg" />
            <field name="name">Ronak R. Trivedi</field>
            <field name="birthday">1990-06-18</field>
            <field name="gov_code">6877141238455</field>
            <field name="primary_physician_id" ref="acs_hms.hms_physician_0" />
            <field name="ref_doctor_ids" eval="[(4, ref('referring_doctor_1'))]" />
            <field name="gender">male</field>
            <field name="marital_status">married</field>
            <field name="blood_group">O+</field>
            <field name="street">301/B, Maruti Nandan</field>
            <field name="street2">Bhandara West</field>
            <field name="city">Bhandara</field>
            <field name="country_id" ref="base.in" />
            <field name="zip">400012</field>
            <field name="phone">65875582</field>
            <field name="mobile">8898825775</field>
            <field name="email">ronak@almightycs-almightyhms.com</field>
            <field name="medical_history">1) Multiple Sclerosis, stable for several years; now requires a walker for ambulation and has needed a wheelchair in the past. 2) Spinal stenosis, severe, with multiple previous laminectomies.</field>
            <field name="family_history_ids" eval="[(4,ref('hms_patient_family_diseases_2'))]" />
        </record>
        <record id="hmshms_patient_5" model="hms.patient">
            <field name="image_1920" type="base64" file="acs_hms/static/src/img/patient_img_5.jpg" />
            <field name="name">Junaid R. Shekh</field>
            <field name="birthday">1990-08-12</field>
            <field name="gov_code">667141238455</field>
            <field name="primary_physician_id" ref="acs_hms.hms_physician_0" />
            <field name="ref_doctor_ids" eval="[(4, ref('referring_doctor_1'))]" />
            <field name="gender">male</field>
            <field name="marital_status">married</field>
            <field name="blood_group">B-</field>
            <field name="street">2/A,Keshavbag</field>
            <field name="street2">Maninagar</field>
            <field name="city">Ahmedabad</field>
            <field name="country_id" ref="base.in" />
            <field name="zip">380012</field>
            <field name="phone">79875582</field>
            <field name="mobile">7798825775</field>
            <field name="email">junaid9932@almightycs-almightyhms.com</field>
            <field name="medical_history">1) Multiple Sclerosis, stable for several years; now requires a walker for ambulation and has needed a wheelchair in the past. 2) Spinal stenosis, severe, with multiple previous laminectomies.</field>
            <field name="family_history_ids" eval="[(4,ref('hms_patient_family_diseases_2'))]" />
        </record>
        <record id="hmshms_patient_6" model="hms.patient">
            <field name="image_1920" type="base64" file="acs_hms/static/src/img/patient_img_6.jpg" />
            <field name="name">Jignesh P. Patel</field>
            <field name="birthday">1989-07-20</field>
            <field name="gov_code">317141238455</field>
            <field name="primary_physician_id" ref="acs_hms.hms_physician_5" />
            <field name="ref_doctor_ids" eval="[(4, ref('referring_doctor_0'))]" />
            <field name="gender">male</field>
            <field name="marital_status">single</field>
            <field name="blood_group">O+</field>
            <field name="street">2-Sukan Complex ,Near Post office</field>
            <field name="street2">Haveli</field>
            <field name="city">Haveri Uttara</field>
            <field name="country_id" ref="base.in" />
            <field name="zip">200012</field>
            <field name="phone">20875582</field>
            <field name="mobile">9898825775</field>
            <field name="email">jigneshp2000@almightycs-almightyhms.com</field>
            <field name="medical_history">1) Multiple Sclerosis, stable for several years; now requires a walker for ambulation and has needed a wheelchair in the past. 2) Spinal stenosis, severe, with multiple previous laminectomies.</field>
            <field name="family_history_ids" eval="[(4,ref('hms_patient_family_diseases_2'))]" />
        </record>

        <record id="hmshms_patient_7" model="hms.patient">
            <field name="image_1920" type="base64" file="acs_hms/static/src/img/patient_img_7.jpg" />
            <field name="name">Janvi S. Dabhi</field>
            <field name="birthday">1992-04-23</field>
            <field name="gov_code">777141238455</field>
            <field name="primary_physician_id" ref="acs_hms.hms_physician_5" />
            <field name="ref_doctor_ids" eval="[(4, ref('referring_doctor_2'))]" />
            <field name="gender">female</field>
            <field name="marital_status">single</field>
            <field name="blood_group">A+</field>
            <field name="street">11/A,Ashirwad Palaza</field>
            <field name="street2">Chandrikanagar</field>
            <field name="city">Chandrapur</field>
            <field name="country_id" ref="base.in" />
            <field name="zip">200030</field>
            <field name="phone">96875582</field>
            <field name="mobile">9429230066</field>
            <field name="email">janvi@almightycs-almightyhms.com</field>
            <field name="medical_history">1) Multiple Sclerosis, stable for several years; now requires a walker for ambulation and has needed a wheelchair in the past. 2) Spinal stenosis, severe, with multiple previous laminectomies.</field>
            <field name="family_history_ids" eval="[(4,ref('hms_patient_family_diseases_2'))]" />
        </record>
        <record id="hmshms_patient_8" model="hms.patient">
            <field name="image_1920" type="base64" file="acs_hms/static/src/img/patient_img_8.jpg" />
            <field name="name">Malvika M. Dave</field>
            <field name="birthday">1990-06-11</field>
            <field name="gov_code">557141238455</field>
            <field name="primary_physician_id" ref="acs_hms.hms_physician_5" />
            <field name="ref_doctor_ids" eval="[(4, ref('referring_doctor_0'))]" />
            <field name="gender">female</field>
            <field name="marital_status">single</field>
            <field name="blood_group">O-</field>
            <field name="street">20/5, Bimanagar</field>
            <field name="street2">Shivranjani</field>
            <field name="city">Kalaburagi Koppal</field>
            <field name="country_id" ref="base.in" />
            <field name="zip">380015</field>
            <field name="phone">30875582</field>
            <field name="mobile">9429230053</field>
            <field name="email">malvikam55@almightycs-almightyhms.com</field>
            <field name="medical_history">1) Multiple Sclerosis, stable for several years; now requires a walker for ambulation and has needed a wheelchair in the past. 2) Spinal stenosis, severe, with multiple previous laminectomies.</field>
            <field name="family_history_ids" eval="[(4,ref('hms_patient_family_diseases_2'))]" />
        </record>
        <record id="hmshms_patient_9" model="hms.patient">
            <field name="image_1920" type="base64" file="acs_hms/static/src/img/patient_img_9.jpg" />
            <field name="name">Nirali A. Patel</field>
            <field name="birthday">1985-08-13</field>
            <field name="gov_code">877141235689</field>
            <field name="primary_physician_id" ref="acs_hms.hms_physician_0" />
            <field name="ref_doctor_ids" eval="[(4, ref('referring_doctor_3'))]" />
            <field name="gender">female</field>
            <field name="marital_status">married</field>
            <field name="blood_group">A-</field>
            <field name="street">6/H,Astik Plaza</field>
            <field name="street2">Dungarpur</field>
            <field name="city">Bikaner</field>
            <field name="country_id" ref="base.in" />
            <field name="zip">658923</field>
            <field name="phone">56897415</field>
            <field name="mobile">9574041333</field>
            <field name="email">niralipatel20@almightycs-almightyhms.com</field>
            <field name="medical_history">1) Multiple Sclerosis, stable for several years; now requires a walker for ambulation and has needed a wheelchair in the past. 2) Spinal stenosis, severe, with multiple previous laminectomies.</field>
            <field name="family_history_ids" eval="[(4,ref('hms_patient_family_diseases_2'))]" />
        </record>
        <record id="hmshms_patient_10" model="hms.patient">
            <field name="image_1920" type="base64" file="acs_hms/static/src/img/patient_img_10.jpg" />
            <field name="name">Ujas W. Upadhyay</field>
            <field name="birthday">1992-02-26</field>
            <field name="gov_code">697141238455</field>
            <field name="primary_physician_id" ref="acs_hms.hms_physician_3" />
            <field name="ref_doctor_ids" eval="[(4, ref('referring_doctor_3'))]" />
            <field name="gender">male</field>
            <field name="marital_status">single</field>
            <field name="blood_group">B-</field>
            <field name="street">Gopal Socity</field>
            <field name="street2">Bapunagar</field>
            <field name="city">Ahmedabad</field>
            <field name="country_id" ref="base.in" />
            <field name="zip">380025</field>
            <field name="phone">69853214</field>
            <field name="mobile">9429183679</field>
            <field name="email">ujasr14@almightycs-almightyhms.com</field>
            <field name="medical_history">1) Multiple Sclerosis, stable for several years; now requires a walker for ambulation and has needed a wheelchair in the past. 2) Spinal stenosis, severe, with multiple previous laminectomies.</field>
            <field name="family_history_ids" eval="[(4,ref('hms_patient_family_diseases_2'))]" />
        </record>
        <record id="hmshms_patient_11" model="hms.patient">
            <field name="image_1920" type="base64" file="acs_hms/static/src/img/patient_img_11.jpg" />
            <field name="name">Rahul K. Makwana</field>
            <field name="birthday">1991-08-01</field>
            <field name="gov_code">567141238445</field>
            <field name="primary_physician_id" ref="acs_hms.hms_physician_3" />
            <field name="ref_doctor_ids" eval="[(4, ref('referring_doctor_3'))]" />
            <field name="gender">male</field>
            <field name="marital_status">single</field>
            <field name="blood_group">A+</field>
            <field name="street">Block-5, Durkanagar</field>
            <field name="street2">Bhelwada</field>
            <field name="city">Bhilwara</field>
            <field name="country_id" ref="base.in" />
            <field name="zip">960055</field>
            <field name="phone">56486523</field>
            <field name="mobile">9798825777</field>
            <field name="email">rajkm@almightycs-almightyhms.com</field>
            <field name="medical_history">1) Multiple Sclerosis, stable for several years; now requires a walker for ambulation and has needed a wheelchair in the past. 2) Spinal stenosis, severe, with multiple previous laminectomies.</field>
            <field name="family_history_ids" eval="[(4,ref('hms_patient_family_diseases_2'))]" />
        </record>
        <record id="hmshms_patient_12" model="hms.patient">
            <field name="image_1920" type="base64" file="acs_hms/static/src/img/patient_img_12.jpg" />
            <field name="name">Nisha R. Rathi</field>
            <field name="birthday">1992-09-25</field>
            <field name="gov_code">877141238455</field>
            <field name="primary_physician_id" ref="acs_hms.hms_physician_3" />
            <field name="ref_doctor_ids" eval="[(4, ref('referring_doctor_3'))]" />
            <field name="gender">female</field>
            <field name="marital_status">single</field>
            <field name="blood_group">O+</field>
            <field name="street">22/A,OM Plaza</field>
            <field name="street2">Gota Road</field>
            <field name="city">Ahmedabad</field>
            <field name="country_id" ref="base.in" />
            <field name="zip">380026</field>
            <field name="phone">96550055</field>
            <field name="mobile">9655550055</field>
            <field name="email">nisha2016@almightycs-almightyhms.com</field>
            <field name="medical_history">1) Multiple Sclerosis, stable for several years; now requires a walker for ambulation and has needed a wheelchair in the past. 2) Spinal stenosis, severe, with multiple previous laminectomies.</field>
            <field name="family_history_ids" eval="[(4,ref('hms_patient_family_diseases_2'))]" />
        </record>
        <record id="hmshms_patient_13" model="hms.patient">
            <field name="image_1920" type="base64" file="acs_hms/static/src/img/patient_img_13.jpg" />
            <field name="name">Naitik R. Mehta</field>
            <field name="birthday">1991-04-07</field>
            <field name="gov_code">877145238455</field>
            <field name="primary_physician_id" ref="acs_hms.hms_physician_2" />
            <field name="ref_doctor_ids" eval="[(4, ref('referring_doctor_0'))]" />
            <field name="gender">male</field>
            <field name="marital_status">married</field>
            <field name="blood_group">A-</field>
            <field name="street">14, Arya park</field>
            <field name="street2">Gota</field>
            <field name="city">Ahmedabad</field>
            <field name="country_id" ref="base.in" />
            <field name="zip">380014</field>
            <field name="phone">25874582</field>
            <field name="mobile">8745845512</field>
            <field name="email">niket@almightycs-almightyhms.com</field>
            <field name="medical_history">1) Multiple Sclerosis, stable for several years; now requires a walker for ambulation and has needed a wheelchair in the past.</field>
            <field name="family_history_ids" eval="[(4,ref('hms_patient_family_diseases_2'))]" />
        </record>
        <record id="hmshms_patient_14" model="hms.patient">
            <field name="image_1920" type="base64" file="acs_hms/static/src/img/patient_img_14.jpg" />
            <field name="name">Kamal L. Bhavsar</field>
            <field name="birthday">1992-09-25</field>
            <field name="gov_code">780145238455</field>
            <field name="primary_physician_id" ref="acs_hms.hms_physician_2" />
            <field name="ref_doctor_ids" eval="[(4, ref('referring_doctor_0'))]" />
            <field name="gender">male</field>
            <field name="marital_status">married</field>
            <field name="blood_group">O-</field>
            <field name="street">13Gokul park</field>
            <field name="street2">Nirnaynagar</field>
            <field name="city">Ahmedabad</field>
            <field name="country_id" ref="base.in" />
            <field name="zip">382414</field>
            <field name="phone">25684450</field>
            <field name="mobile">5478451212</field>
            <field name="email">kamal@almightycs-almightyhms.com</field>
            <field name="medical_history">1) Spinal stenosis, severe, with multiple previous laminectomies.</field>
            <field name="family_history_ids" eval="[(4,ref('hms_patient_family_diseases_2'))]" />
        </record>
        <record id="hmshms_patient_15" model="hms.patient">
            <field name="image_1920" type="base64" file="acs_hms/static/src/img/patient_img_15.jpg" />
            <field name="name">Raghav G. Goku</field>
            <field name="birthday">1958-10-25</field>
            <field name="gov_code">780178107800</field>
            <field name="primary_physician_id" ref="acs_hms.hms_physician_2" />
            <field name="ref_doctor_ids" eval="[(4, ref('referring_doctor_1'))]" />
            <field name="gender">male</field>
            <field name="marital_status">single</field>
            <field name="blood_group">O+</field>
            <field name="street">78, Abhishek flat</field>
            <field name="street2">Vadaj</field>
            <field name="city">Ahmedabad</field>
            <field name="country_id" ref="base.in" />
            <field name="zip">378521</field>
            <field name="phone">24587788</field>
            <field name="mobile">7101110254</field>
            <field name="email">raghav@almightycs-almightyhms.com</field>
            <field name="medical_history">1) Multiple Sclerosis, stable for several years; now requires a walker for ambulation and has needed a wheelchair in the past. 2) Spinal stenosis, severe, with multiple previous laminectomies.</field>
            <field name="family_history_ids" eval="[(4,ref('hms_patient_family_diseases_2'))]" />
        </record>
        <record id="hmshms_patient_16" model="hms.patient">
            <field name="image_1920" type="base64" file="acs_hms/static/src/img/patient_img_16.jpg" />
            <field name="name">Roches T. Marsh</field>
            <field name="birthday">1978-02-03</field>
            <field name="gov_code">784545237823</field>
            <field name="primary_physician_id" ref="acs_hms.hms_physician_1" />
            <field name="ref_doctor_ids" eval="[(4, ref('referring_doctor_1'))]" />
            <field name="gender">male</field>
            <field name="marital_status">married</field>
            <field name="blood_group">B+</field>
            <field name="street">51, Vihar Park</field>
            <field name="street2">Vastrapur</field>
            <field name="city">Ahmedabad</field>
            <field name="country_id" ref="base.in" />
            <field name="zip">451220</field>
            <field name="phone">25688845</field>
            <field name="mobile">3212452001</field>
            <field name="email">vijay@almightycs-almightyhms.com</field>
            <field name="medical_history">1) Multiple Sclerosis, stable for several years. 2) Multiple previous laminectomies.</field>
            <field name="family_history_ids" eval="[(4,ref('hms_patient_family_diseases_2'))]" />
        </record>
        <record id="hmshms_patient_17" model="hms.patient">
            <field name="image_1920" type="base64" file="acs_hms/static/src/img/patient_img_17.jpg" />
            <field name="name">Daksh B. Suthar</field>
            <field name="birthday">1990-12-08</field>
            <field name="gov_code">780145239523</field>
            <field name="primary_physician_id" ref="acs_hms.hms_physician_1" />
            <field name="ref_doctor_ids" eval="[(4, ref('referring_doctor_1'))]" />
            <field name="gender">male</field>
            <field name="marital_status">single</field>
            <field name="blood_group">A-</field>
            <field name="street">304, Rajhansh society</field>
            <field name="street2">K.K. Nagar</field>
            <field name="city">Ahmedabad</field>
            <field name="country_id" ref="base.in" />
            <field name="zip">378203</field>
            <field name="phone">24589921</field>
            <field name="mobile">6589521001</field>
            <field name="email">daksh@almightycs-almightyhms.com</field>
            <field name="medical_history">1)Strong Back pain in past; couldn't walk.  2) Spinal stenosis, severe, with multiple previous laminectomies.</field>
            <field name="family_history_ids" eval="[(4,ref('hms_patient_family_diseases_2'))]" />
        </record>
        <record id="hmshms_patient_18" model="hms.patient">
            <field name="image_1920" type="base64" file="acs_hms/static/src/img/patient_img_18.jpg" />
            <field name="name">Jaya B. Patel</field>
            <field name="birthday">1980-11-07</field>
            <field name="gov_code">780145234510</field>
            <field name="primary_physician_id" ref="acs_hms.hms_physician_4" />
            <field name="ref_doctor_ids" eval="[(4, ref('referring_doctor_1'))]" />
            <field name="gender">male</field>
            <field name="marital_status">married</field>
            <field name="blood_group">B+</field>
            <field name="street">B-44, Nation Park</field>
            <field name="street2">Bodakdev</field>
            <field name="city">Ahmedabad</field>
            <field name="country_id" ref="base.in" />
            <field name="zip">874520</field>
            <field name="phone">21210033</field>
            <field name="mobile">3211001258</field>
            <field name="email">jaya@almightycs-almightyhms.com</field>
            <field name="medical_history">1) Multiple Sclerosis, stable for several years. 2) Now requires a walker for ambulation and has needed a wheelchair in the past.</field>
            <field name="family_history_ids" eval="[(4,ref('hms_patient_family_diseases_2'))]" />
        </record>
        <record id="hmshms_patient_19" model="hms.patient">
            <field name="image_1920" type="base64" file="acs_hms/static/src/img/patient_img_19.jpg" />
            <field name="name">Janak M. Thakor</field>
            <field name="birthday">1974-08-10</field>
            <field name="gov_code">780178457800</field>
            <field name="primary_physician_id" ref="acs_hms.hms_physician_4" />
            <field name="ref_doctor_ids" eval="[(4, ref('referring_doctor_1'))]" />
            <field name="gender">male</field>
            <field name="marital_status">married</field>
            <field name="blood_group">O-</field>
            <field name="street">65, Sumeru Appartment</field>
            <field name="street2">Ranip</field>
            <field name="city">Ahmedabad</field>
            <field name="country_id" ref="base.in" />
            <field name="zip">382412</field>
            <field name="phone">27521141</field>
            <field name="mobile">9898565620</field>
            <field name="email">ashok@almightycs-almightyhms.com</field>
            <field name="medical_history">1) Spinal stenosis, severe. 2) multiple previous laminectomies.</field>
            <field name="family_history_ids" eval="[(4,ref('hms_patient_family_diseases_2'))]" />
        </record>
        <record id="hmshms_patient_20" model="hms.patient">
            <field name="image_1920" type="base64" file="acs_hms/static/src/img/patient_img_20.jpg" />
            <field name="name">Abdul al Alim</field>
            <field name="birthday">1965-07-23</field>
            <field name="gov_code">780145233212</field>
            <field name="primary_physician_id" ref="acs_hms.hms_physician_3" />
            <field name="ref_doctor_ids" eval="[(4, ref('referring_doctor_2'))]" />
            <field name="gender">male</field>
            <field name="marital_status">single</field>
            <field name="blood_group">AB-</field>
            <field name="street">204, Green City</field>
            <field name="street2">Sola</field>
            <field name="city">Ahmedabad</field>
            <field name="country_id" ref="base.in" />
            <field name="zip">654550</field>
            <field name="phone">56254410</field>
            <field name="mobile">6545457841</field>
            <field name="email">abdul@almightycs-almightyhms.com</field>
            <field name="medical_history">1) Multiple Sclerosis, stable for several years; now requires a walker for ambulation and has needed a wheelchair in the past. 2) Spinal stenosis, severe, with multiple previous laminectomies.</field>
            <field name="family_history_ids" eval="[(4,ref('hms_patient_family_diseases_2'))]" />
        </record>
        <record id="hmshms_patient_21" model="hms.patient">
            <field name="image_1920" type="base64" file="acs_hms/static/src/img/patient_img_21.jpg" />
            <field name="name">Rajat Aapte</field>
            <field name="birthday">1968-06-21</field>
            <field name="gov_code">321244001025</field>
            <field name="primary_physician_id" ref="acs_hms.hms_physician_2" />
            <field name="ref_doctor_ids" eval="[(4, ref('referring_doctor_2'))]" />
            <field name="gender">male</field>
            <field name="marital_status">married</field>
            <field name="blood_group">A+</field>
            <field name="street">32, Dhara Nagar</field>
            <field name="street2">Chanjpokhali</field>
            <field name="city">Satara</field>
            <field name="country_id" ref="base.in" />
            <field name="zip">214520</field>
            <field name="phone">95622120</field>
            <field name="mobile">6523121101</field>
            <field name="email">rajat@almightycs-almightyhms.com</field>
            <field name="medical_history">1) Multiple Sclerosis, stable for several years; now requires a walker for ambulation and has needed a wheelchair in the past. 2) Spinal stenosis, severe, with multiple previous laminectomies.</field>
            <field name="family_history_ids" eval="[(4,ref('hms_patient_family_diseases_2'))]" />
        </record>
        <record id="hmshms_patient_22" model="hms.patient">
            <field name="image_1920" type="base64" file="acs_hms/static/src/img/patient_img_22.jpg" />
            <field name="name">Rajan D. Soni</field>
            <field name="birthday">1973-01-15</field>
            <field name="gov_code">124145238600</field>
            <field name="primary_physician_id" ref="acs_hms.hms_physician_5" />
            <field name="ref_doctor_ids" eval="[(4, ref('referring_doctor_2'))]" />
            <field name="gender">male</field>
            <field name="marital_status">married</field>
            <field name="blood_group">B+</field>
            <field name="street">10, Soni Nivas</field>
            <field name="street2">Abu Road</field>
            <field name="city">Abu</field>
            <field name="country_id" ref="base.in" />
            <field name="zip">844450</field>
            <field name="phone">32101225</field>
            <field name="mobile">6523121101</field>
            <field name="email">rajan@almightycs-almightyhms.com</field>
            <field name="medical_history">1) Multiple Sclerosis, stable for several years; now requires a walker for ambulation and has needed a wheelchair in the past. 2) Spinal stenosis, severe, with multiple previous laminectomies.</field>
            <field name="family_history_ids" eval="[(4,ref('hms_patient_family_diseases_2'))]" />
        </record>
        <record id="hmshms_patient_23" model="hms.patient">
            <field name="image_1920" type="base64" file="acs_hms/static/src/img/patient_img_23.jpg" />
            <field name="name">Richa J. Rao</field>
            <field name="birthday">1984-04-28</field>
            <field name="gov_code">780181017869</field>
            <field name="primary_physician_id" ref="acs_hms.hms_physician_5" />
            <field name="ref_doctor_ids" eval="[(4, ref('referring_doctor_2'))]" />
            <field name="gender">female</field>
            <field name="marital_status">single</field>
            <field name="blood_group">O-</field>
            <field name="street">45, Tulip Park</field>
            <field name="street2">Gotri</field>
            <field name="city">Baroda</field>
            <field name="country_id" ref="base.in" />
            <field name="zip">458420</field>
            <field name="phone">31258454</field>
            <field name="mobile">6523121101</field>
            <field name="email">richa@almightycs-almightyhms.com</field>
            <field name="medical_history">1) Multiple Sclerosis, stable for several years; now requires a walker for ambulation and has needed a wheelchair in the past. 2) Spinal stenosis, severe, with multiple previous laminectomies.</field>
            <field name="family_history_ids" eval="[(4,ref('hms_patient_family_diseases_2'))]" />
        </record>
        <record id="hmshms_patient_24" model="hms.patient">
            <field name="image_1920" type="base64" file="acs_hms/static/src/img/patient_img_24.jpg" />
            <field name="name">John K. Carter</field>
            <field name="birthday">1974-02-26</field>
            <field name="gov_code">002388520110</field>
            <field name="primary_physician_id" ref="acs_hms.hms_physician_0" />
            <field name="ref_doctor_ids" eval="[(4, ref('referring_doctor_4'))]" />
            <field name="gender">male</field>
            <field name="marital_status">single</field>
            <field name="blood_group">B-</field>
            <field name="street">52, Sun street</field>
            <field name="street2">Downtown</field>
            <field name="city">Perth</field>
            <field name="country_id" ref="base.in" />
            <field name="zip">30012</field>
            <field name="phone">65452545</field>
            <field name="mobile">2100012154</field>
            <field name="email">john@almightycs-almightyhms.com</field>
            <field name="medical_history">1) Multiple Sclerosis, stable for several years; now requires a walker for ambulation and has needed a wheelchair in the past. 2) Spinal stenosis, severe, with multiple previous laminectomies.</field>
            <field name="family_history_ids" eval="[(4,ref('hms_patient_family_diseases_2'))]" />
        </record>
        <record id="hmshms_patient_25" model="hms.patient">
            <field name="image_1920" type="base64" file="acs_hms/static/src/img/patient_img_25.jpg" />
            <field name="name">Scarlet F. Mcwarth</field>
            <field name="birthday">1979-10-09</field>
            <field name="gov_code">1120215448</field>
            <field name="primary_physician_id" ref="acs_hms.hms_physician_0" />
            <field name="ref_doctor_ids" eval="[(4, ref('referring_doctor_4'))]" />
            <field name="gender">female</field>
            <field name="marital_status">married</field>
            <field name="blood_group">AB-</field>
            <field name="street">45, coastal street</field>
            <field name="street2">newark road</field>
            <field name="city">alberta</field>
            <field name="country_id" ref="base.in" />
            <field name="zip">20012</field>
            <field name="phone">301002</field>
            <field name="mobile">1120215448</field>
            <field name="email">scarlet@almightycs-almightyhms.com</field>
            <field name="medical_history">1) Multiple Sclerosis, stable for several years; now requires a walker for ambulation and has needed a wheelchair in the past. 2) Spinal stenosis, severe, with multiple previous laminectomies.</field>
            <field name="family_history_ids" eval="[(4,ref('hms_patient_family_diseases_2'))]" />
        </record>
        <record id="hmshms_patient_26" model="hms.patient">
            <field name="image_1920" type="base64" file="acs_hms/static/src/img/patient_img_26.png" />
            <field name="name">John Q. Dey</field>
            <field name="birthday">1979-10-09</field>
            <field name="gov_code">23120215448</field>
            <field name="primary_physician_id" ref="acs_hms.hms_physician_2" />
            <field name="ref_doctor_ids" eval="[(4, ref('referring_doctor_4'))]" />
            <field name="gender">male</field>
            <field name="marital_status">married</field>
            <field name="blood_group">AB+</field>
            <field name="street">45, Dyrow street</field>
            <field name="street2">newjery road</field>
            <field name="city">newjery</field>
            <field name="country_id" ref="base.us" />
            <field name="zip">20012</field>
            <field name="phone">301002</field>
            <field name="mobile">8525896325</field>
            <field name="email">dey@almightycs-almightyhms.com</field>
            <field name="medical_history">1) Multiple Sclerosis, stable for several years; now requires a walker for ambulation and has needed a wheelchair in the past. 2) Spinal stenosis, severe, with multiple previous laminectomies.</field>
            <field name="family_history_ids" eval="[(4,ref('hms_patient_family_diseases_2'))]" />
        </record>
        <record id="hmshms_patient_27" model="hms.patient">
            <field name="image_1920" type="base64" file="acs_hms/static/src/img/patient_img_27.jpg" />
            <field name="name">Kelvin Pietersen</field>
            <field name="birthday">1980-06-27</field>
            <field name="gov_code">877141238455</field>
            <field name="primary_physician_id" ref="acs_hms.hms_physician_2" />
            <field name="ref_doctor_ids" eval="[(4, ref('referring_doctor_4'))]" />
            <field name="gender">male</field>
            <field name="marital_status">married</field>
            <field name="blood_group">O+</field>
            <field name="street">22/A,OM Plaza</field>
            <field name="street2">Gota Road</field>
            <field name="city">Ahmedabad</field>
            <field name="country_id" ref="base.in" />
            <field name="zip">WC2N</field>
            <field name="phone">222589659742</field>
            <field name="mobile">222589659742</field>
            <field name="email">pirtesen123@yahoo.com</field>
            <field name="medical_history">1) Multiple Sclerosis, stable for several years; now requires a walker for ambulation and has needed a wheelchair in the past. 2) Spinal stenosis, severe, with multiple previous laminectomies.</field>
            <field name="family_history_ids" eval="[(4,ref('hms_patient_family_diseases_2'))]" />
        </record>
        <record id="hmshms_patient_28" model="hms.patient">
            <field name="image_1920" type="base64" file="acs_hms/static/src/img/patient_img_28.jpg" />
            <field name="name">Ross Taylor</field>
            <field name="birthday">1980-04-03</field>
            <field name="gov_code">777141238455</field>
            <field name="primary_physician_id" ref="acs_hms.hms_physician_3" />
            <field name="ref_doctor_ids" eval="[(4, ref('referring_doctor_4'))]" />
            <field name="gender">male</field>
            <field name="marital_status">married</field>
            <field name="blood_group">A+</field>
            <field name="street">22/A,OM Plaza</field>
            <field name="street2">Gota Road</field>
            <field name="city">Ahmedabad</field>
            <field name="country_id" ref="base.in" />
            <field name="zip">WC2N 5RJ</field>
            <field name="phone">225986478965</field>
            <field name="mobile">225986478965</field>
            <field name="email">rose1122@yahoo.com</field>
            <field name="medical_history">1) Multiple Sclerosis, stable for several years; now requires a walker for ambulation and has needed a wheelchair in the past. 2) Spinal stenosis, severe, with multiple previous laminectomies.</field>
            <field name="family_history_ids" eval="[(4,ref('hms_patient_family_diseases_2'))]" />
        </record>
        <record id="hmshms_patient_29" model="hms.patient">
            <field name="image_1920" type="base64" file="acs_hms/static/src/img/patient_img_29.jpg" />
            <field name="name">Rina Kothari</field>
            <field name="birthday">1981-03-20</field>
            <field name="gov_code">677141238455</field>
            <field name="primary_physician_id" ref="acs_hms.hms_physician_3" />
            <field name="ref_doctor_ids" eval="[(4, ref('referring_doctor_1'))]" />
            <field name="gender">female</field>
            <field name="marital_status">married</field>
            <field name="blood_group">B+</field>
            <field name="street">22/A,OM Plaza</field>
            <field name="street2">Gota Road</field>
            <field name="city">Ahmedabad</field>
            <field name="country_id" ref="base.in" />
            <field name="zip">B15 2LG</field>
            <field name="phone">226895213658</field>
            <field name="mobile">226895213658</field>
            <field name="email">rina@almightycs-almightyhms.com</field>
            <field name="medical_history">1) Multiple Sclerosis, stable for several years; now requires a walker for ambulation and has needed a wheelchair in the past. 2) Spinal stenosis, severe, with multiple previous laminectomies.</field>
            <field name="family_history_ids" eval="[(4,ref('hms_patient_family_diseases_2'))]" />
        </record>
        <record id="hmshms_patient_30" model="hms.patient">
            <field name="image_1920" type="base64" file="acs_hms/static/src/img/patient_img_30.jpg" />
            <field name="name">Nathan McCullum</field>
            <field name="birthday">1980-02-20</field>
            <field name="gov_code">577141238455</field>
            <field name="primary_physician_id" ref="acs_hms.hms_physician_5" />
            <field name="ref_doctor_ids" eval="[(4, ref('referring_doctor_1'))]" />
            <field name="gender">male</field>
            <field name="marital_status">married</field>
            <field name="blood_group">AB+</field>
            <field name="street">22/A,OM Plaza</field>
            <field name="street2">Gota Road</field>
            <field name="city">Ahmedabad</field>
            <field name="country_id" ref="base.in" />
            <field name="zip">GL50 3DU</field>
            <field name="phone">221256983456</field>
            <field name="mobile">221256983456</field>
            <field name="email">mccullum007@almightycs-almightyhms.com</field>
            <field name="medical_history">1) Multiple Sclerosis, stable for several years; now requires a walker for ambulation and has needed a wheelchair in the past. 2) Spinal stenosis, severe, with multiple previous laminectomies.</field>
            <field name="family_history_ids" eval="[(4,ref('hms_patient_family_diseases_2'))]" />
        </record>
    </data>
</odoo>