<?xml version="1.0" encoding="utf-8"?>
<odoo>

    <record id="group_hms_vaccination" model="res.groups">
        <field name="name">Vaccination</field>
        <field name="category_id" ref="acs_hms_base.module_category_hms_department"/>
        <field name="implied_ids" eval="[(4, ref('acs_hms_base.group_hms_user'))]"/>
        <field name="users" eval="[(4, ref('base.user_root')), (4, ref('base.user_admin'))]"/>
    </record>

    <data noupdate="1">

        <record id="ward_rule" model="ir.rule">
            <field name="name">Vaccination multi-company</field>
            <field name="model_id" ref="model_acs_vaccination"/>
            <field name="domain_force">['|',('company_id','=',False),('company_id', 'in', company_ids)]</field>
        </record>

    </data>
    
</odoo>

