<?xml version="1.0" encoding="utf-8"?>
<odoo>
     <data noupdate="1">

        <record id="group_acs_commission_user" model="res.groups">
            <field name="name">Manage Commissions</field>
            <field name="users" eval="[(4, ref('base.user_root')), (4, ref('base.user_admin'))]"/>
        </record>

        <record id="commission_company_user_rule" model="ir.rule">
            <field name="name">Commission multi-company</field>
            <field name="model_id" ref="acs_commission.model_acs_commission"/>
            <field name="domain_force">['|',('company_id','=',False),('company_id', 'in', company_ids)]</field>
        </record>

        <record id="commission_sheet_company_user_rule" model="ir.rule">
            <field name="name">Commission Sheet multi-company</field>
            <field name="model_id" ref="acs_commission.model_acs_commission_sheet"/>
            <field name="domain_force">['|',('company_id','=',False),('company_id', 'in', company_ids)]</field>
        </record>

    </data>
</odoo>

