"id","name","model_id:id","group_id:id","perm_read","perm_write","perm_create","perm_unlink"
access_acs_sms,access_acs_sms,model_acs_sms,,1,1,1,0
access_acs_sms_user,access_acs_sms_user,model_acs_sms,acs_sms.group_sms_user,1,1,1,0
access_acs_sms_manager,access_acs_sms_manager,model_acs_sms,acs_sms.group_sms_manager,1,1,1,1
access_acs_sms_template,access_acs_sms_template,model_acs_sms_template,,1,0,0,0
access_acs_sms_template_user,access_acs_sms_template_user,model_acs_sms_template,acs_sms.group_sms_user,1,1,1,0
access_acs_sms_template_manager,access_acs_sms_template_manager,model_acs_sms_template,acs_sms.group_sms_manager,1,1,1,1
acs_sms_announcement,acs_sms_announcement,model_acs_sms_announcement,,1,0,0,0
acs_sms_announcement_user,acs_sms_announcement_user,model_acs_sms_announcement,acs_sms.group_sms_user,1,1,1,0
acs_sms_announcement_manager,acs_sms_announcement_manager,model_acs_sms_announcement,acs_sms.group_sms_manager,1,1,1,1