<?xml version="1.0" encoding="UTF-8"?>
<odoo>
    <data>

        <record id="module_category_sms" model="ir.module.category">
            <field name="name">SMS</field>
            <field name="description">SMS Management</field>
            <field name="sequence">13</field>
        </record>

        <record id="group_sms_user" model="res.groups">
            <field name="name">User</field>
            <field name="category_id" ref="module_category_sms"/>
        </record>

        <record id="group_sms_otp" model="res.groups">
            <field name="name">Manage SMS OTP</field>
            <field name="category_id" ref="module_category_sms"/>
        </record>

        <record id="group_sms_manager" model="res.groups">
            <field name="name">Manager</field>
            <field name="category_id" ref="module_category_sms"/>
            <field name="implied_ids" eval="[(4, ref('acs_sms.group_sms_user'))]"/>
            <field name="users" eval="[(4, ref('base.user_root')), (4, ref('base.user_admin'))]"/>
        </record>

        <record id="sms_company_rule" model="ir.rule">
            <field name="name">SMS multi-company</field>
            <field name="model_id" ref="model_acs_sms"/>
            <field name="domain_force">['|',('company_id','=',False),('company_id', 'in', company_ids)]</field>
        </record>

        <record id="sms_announcement_company_rule" model="ir.rule">
            <field name="name">SMS Announcement multi-company</field>
            <field name="model_id" ref="model_acs_sms_announcement"/>
            <field name="domain_force">['|',('company_id','=',False),('company_id', 'in', company_ids)]</field>
        </record>

    </data>
</odoo>