<?xml version="1.0" encoding="UTF-8"?>
<odoo>
    <data noupdate="1">

        <record id="ir_cron_send_sms_action" model="ir.cron">
            <field name="name">Send SMS</field>
            <field eval="True" name="active"/>
            <field name="interval_number">5</field>
            <field name="interval_type">minutes</field>
            <field name="numbercall">-1</field>
            <field ref="model_acs_sms" name="model_id"/>
            <field name="state">code</field>
            <field eval="'model._check_queue()'" name="code"/>
            <field name="doall" eval="True"/>
        </record>

        <record id="verify_otp_msg_sms_template" model="acs.sms.template">
            <field name="name">VerifyOTP</field>
            <field name="message">Dear {{ object.name }},  {{ object.generated_otp_sms }} is your OTP Verification.</field>
        </record>

        <record id="base.main_company" model="res.company">
            <field name="verify_otp_msg_sms_template_id" ref="verify_otp_msg_sms_template"/>
        </record>

    </data>
</odoo>