<data>
    <record id="seq_bills_approval" model="ir.sequence">
        <field name="name">Bills Approval</field>
        <field name="code">bills.approval</field> <!-- Corrected typo in the code field -->
        <field name="padding">5</field>
        <field name="company_id" eval="False"/>
    </record>
    <record id="seq_payment_advice" model="ir.sequence">
        <field name="name">Payment Advice</field>
        <field name="code">payment.advice</field>
        <field name="padding">5</field>
        <field name="company_id" eval="False"/>
    </record>


</data>
