<?xml version="1.0" encoding="utf-8"?>
<odoo>
    <data noupdate="0">

        <record id="acs_laboratory_category" model="ir.module.category">
            <field name="name">Pathology (Laboratory)</field>
            <field name="description">Manage Pathology Documents.</field>
            <field name="sequence">11</field>
            <field name="parent_id" ref="acs_hms_base.module_category_hms"/>
        </record>

        <!-- LABORATORY -->
        <record id="group_hms_lab_sample_user" model="res.groups">
            <field name="name">Lab Sample Collector</field>
            <field name="category_id" ref="acs_laboratory_category"/>
            <field name="implied_ids" eval="[(4, ref('acs_hms_base.group_hms_user'))]"/>
        </record>

        <record id="group_hms_lab_user" model="res.groups">
            <field name="name">Lab Technician</field>
            <field name="category_id" ref="acs_laboratory_category"/>
            <field name="implied_ids" eval="[(4, ref('group_hms_lab_sample_user'))]"/>
        </record>

        <record id="group_hms_lab_manager" model="res.groups">
            <field name="name">Lab Manager</field>
            <field name="category_id" ref="acs_laboratory_category"/>
            <field name="implied_ids" eval="[(4, ref('group_hms_lab_user'))]"/>
        </record>

        <record id="group_manage_collection_center" model="res.groups">
            <field name="name">Manage Collection Center</field>
            <field name="category_id" ref="acs_laboratory_category"/>
            <field name="users" eval="[(4, ref('base.user_root')), (4, ref('base.user_admin'))]"/>
        </record>

        <record id="base.user_admin" model="res.users">
            <field name="groups_id" eval="[(4, ref('acs_laboratory.group_hms_lab_manager'))]"/>
        </record>

        <record id="acs_hms_base.group_hms_manager" model="res.groups">
            <field name="implied_ids" eval="[(4, ref('acs_laboratory.group_hms_lab_manager'))]"/>
        </record>

    </data>
    <data noupdate="0">

        <!-- LAB USER -->
        <!-- See Lab Reqes -->
        <record id="all_hms_laboratory_request_rule" model="ir.rule">
            <field name="name">All Laboratory Requests</field>
            <field name="model_id" ref="model_acs_laboratory_request"/>
            <field name="domain_force">[(1,'=',1)]</field>
            <field name="groups" eval="[(4, ref('group_hms_lab_sample_user'))]"/>
        </record>
        <!-- See All Lab results -->
        <record id="all_patient_laboratory_test_rule" model="ir.rule">
            <field name="name">All Laboratory Result</field>
            <field name="model_id" ref="model_patient_laboratory_test"/>
            <field name="domain_force">[(1,'=',1)]</field>
            <field name="groups" eval="[(4, ref('group_hms_lab_user'))]"/>
        </record>

        <record id="lab_req_cal_comp_rule" model="ir.rule">
            <field name="name">Lab Request multi-company</field>
            <field name="model_id" ref="model_acs_laboratory_request"/>
            <field name="domain_force">['|',('company_id','=',False),('company_id', 'in', company_ids)]</field>
        </record>
        <record id="lab_test_comp_rule" model="ir.rule">
            <field name="name">Patient Lab Test multi-company</field>
            <field name="model_id" ref="model_patient_laboratory_test"/>
            <field name="domain_force">['|',('company_id','=',False),('company_id', 'in', company_ids)]</field>
        </record>
        <record id="lab_comp_rule" model="ir.rule">
            <field name="name">Lab Test multi-company</field>
            <field name="model_id" ref="model_acs_lab_test"/>
            <field name="domain_force">['|',('company_id','=',False),('company_id', 'in', company_ids)]</field>
        </record>

        <record id="acs_laboratory_comp_rule" model="ir.rule">
            <field name="name">Laboratory multi-company</field>
            <field name="model_id" ref="model_acs_laboratory"/>
            <field name="domain_force">['|',('company_id','=',False),('company_id', 'in', company_ids)]</field>
        </record>

        <!-- Portal -->
        <record id="hms_laboratory_request_portal_rule_1" model="ir.rule">
            <field name="name">Portal Patient's Own Lab Req</field>
            <field name="model_id" ref="acs_laboratory.model_acs_laboratory_request"/>
            <field name="domain_force">[('patient_id.partner_id','=',user.commercial_partner_id.id)]</field>
            <field name="groups" eval="[(4, ref('base.group_portal'))]"/>
            <field name="perm_unlink" eval="False"/>
            <field name="perm_write" eval="False"/>
            <field name="perm_read" eval="True"/>
            <field name="perm_create" eval="False"/>
        </record>

        <record id="hms_laboratory_test_portal_rule_1" model="ir.rule">
            <field name="name">Portal Patient's Own Lab test</field>
            <field name="model_id" ref="acs_laboratory.model_patient_laboratory_test"/>
            <field name="domain_force">['|',('request_id.patient_id.partner_id','=',user.commercial_partner_id.id),('patient_id.partner_id','=',user.commercial_partner_id.id)]</field>
            <field name="groups" eval="[(4, ref('base.group_portal'))]"/>
            <field name="perm_unlink" eval="False"/>
            <field name="perm_write" eval="False"/>
            <field name="perm_read" eval="True"/>
            <field name="perm_create" eval="False"/>
        </record>

    </data>
</odoo>
