<?xml version="1.0" encoding="utf-8"?>
<odoo>
    <data noupdate="0">

        <record id="group_hms_online_appointment_manager" model="res.groups">
            <field name="name">Online Appointment Manager</field>
            <field name="category_id" ref="acs_hms_base.module_category_hms_extra"/>
            <field name="implied_ids" eval="[(4, ref('acs_hms.group_hms_receptionist'))]"/>
            <field name="users" eval="[(4, ref('base.user_root')), (4, ref('base.user_admin'))]"/>
        </record>

        <record id="acs_hms_base.group_hms_manager" model="res.groups">
            <field name="implied_ids" eval="[(4, ref('acs_hms_online_appointment.group_hms_online_appointment_manager'))]"/>
        </record>

    </data>
    <data noupdate="0">

        <!-- See Own Appointment Schedule & Slot & Lines -->
        <record id="hms_own_appointment_schedule_rule" model="ir.rule">
            <field name="name">Own Appointment Schedule</field>
            <field name="model_id" ref="acs_hms_online_appointment.model_appointment_schedule"/>
            <field name="domain_force">[('physician_ids.user_id','=',user.id)]</field>
            <field name="groups" eval="[(4, ref('acs_hms_base.group_hms_user'))]"/>
        </record>

        <!-- <record id="hms_own_appointment_schedule_slot_rule" model="ir.rule">
            <field name="name">Own Appointment Schedule Slot</field>
            <field name="model_id" ref="acs_hms_online_appointment.model_appointment_schedule_slot"/>
            <field name="domain_force">[('physician_id.user_id','=',user.id)]</field>
            <field name="groups" eval="[(4, ref('acs_hms_base.group_hms_user'))]"/>
        </record> -->
        <!-- Do not add rule on line to avoid issue for portal and receptionist -->

        <!-- For Manager -->
        <record id="hms_manager_appointment_schedule_manager_rule" model="ir.rule">
            <field name="name">Manager Appointment Schedule</field>
            <field name="model_id" ref="acs_hms_online_appointment.model_appointment_schedule"/>
            <field name="domain_force">[(1,'=',1)]</field>
            <field name="groups" eval="[(4, ref('acs_hms_online_appointment.group_hms_online_appointment_manager'))]"/>
        </record>

        <record id="hms_manager_appointment_schedule_slot_manager_rule" model="ir.rule">
            <field name="name">Manager Appointment Schedule Slot</field>
            <field name="model_id" ref="acs_hms_online_appointment.model_appointment_schedule_slot"/>
            <field name="domain_force">[(1,'=',1)]</field>
            <field name="groups" eval="[(4, ref('acs_hms_online_appointment.group_hms_online_appointment_manager'))]"/>
        </record>

        <!-- For portal User -->
        <record id="hms_manager_appointment_schedule_slot_portal_rule" model="ir.rule">
            <field name="name">Manager Appointment Schedule Slot</field>
            <field name="model_id" ref="acs_hms_online_appointment.model_appointment_schedule_slot"/>
            <field name="domain_force">[(1,'=',1)]</field>
            <field name="groups" eval="[(4, ref('base.group_portal'))]"/>
            <field name="perm_read" eval="True"/>
            <field name="perm_unlink" eval="False"/>
            <field name="perm_write" eval="False"/>
            <field name="perm_create" eval="False"/>
        </record>

    </data>
</odoo>
