<?xml version="1.0" encoding="utf-8"?>
<odoo>
    <data noupdate="1">


        <record id="seq_radiology_request_sequence" model="ir.sequence">
            <field name="name">Radiology Request</field>
            <field name="code">acs.radiology.request</field>
            <field name="prefix">RR</field>
            <field name="padding">3</field>
            <field name="acs_auto_create" eval="True"/>
            <field name="company_id" eval="False"/>
        </record>

        <record id="seq_patient_radiology_test" model="ir.sequence">
            <field name="name">Patient Radiology Test</field>
            <field name="code">patient.radiology.test</field>
            <field name="prefix">RRR</field>
            <field name="padding">3</field>
            <field name="acs_auto_create" eval="True"/>
            <field name="company_id" eval="False"/>
        </record>

        <record id="base.main_company" model="res.company" >
            <field name="acs_radiology_usage_location_id" ref="stock.stock_location_customers"/>
            <field name="acs_radiology_stock_location_id" ref="stock.stock_location_stock"/>
        </record>

        <!-- Lab-related subtypes for messaging / Chatter -->
        <record id="mt_radiology_test_done" model="mail.message.subtype">
            <field name="name">Radiology Test is Done</field>
            <field name="res_model">patient.radiology.test</field>
            <field name="default" eval="False"/>
            <field name="description">Radiology Test is Done</field>
        </record>

    </data>
</odoo>
