<?xml version="1.0" encoding="utf-8"?>
<odoo>
    <data noupdate="1">

        <record id="acs_hms_radiology_service_0" model="product.product">
            <field name="name">X-Ray</field>
            <field name="type">service</field>
            <field name="hospital_product_type">radiology</field>
            <field name="list_price">500.0</field>
            <field name="standard_price">500.0</field>       
        </record>

        <record id="acs_radiology_test_x_ray" model="acs.radiology.test">
            <field name="name">X-Ray</field>
            <field name="code">XRay</field>
            <field name="product_id" ref="acs_hms_radiology_service_0"/>
        </record>

    </data>
</odoo>