<?xml version="1.0" encoding="UTF-8"?>
<templates id="template" xml:space="preserve">

    <t t-name="PrescriptionOrderManagementControlPanel" owl="1">
        <div class="control-panel">
            <div class="item button back" t-on-click="() => this.trigger('close-screen')">
                <i class="fa fa-angle-double-left"></i>
                <span t-if="!env.isMobile"> Back</span>
            </div>
            <div class="item search-box">
                <span class="icon">
                    <i class="fa fa-search" />
                </span>
                <input type="text" t-ref="autofocus" t-model="orderManagementContext.searchString" t-on-keydown="onInputKeydown" placeholder="E.g. customer: Steward, date: 2020-05-09" />
                <span class="clear" t-on-click="() => this.trigger('clear-search')">
                    <i class="fa fa-remove" />
                </span>
            </div>
            <div t-if="showPageControls" class="item">
                <div class="page-controls">
                    <div class="previous" t-on-click="() => this.trigger('prev-page')">
                        <i class="fa fa-fw fa-caret-left" role="img" aria-label="Previous Order List" title="Previous Order List"></i>
                    </div>
                    <div class="next" t-on-click="() => this.trigger('next-page')">
                        <i class="fa fa-fw fa-caret-right" role="img" aria-label="Next Order List" title="Next Order List"></i>
                    </div>
                </div>
                <div class="page">
                    <span><t t-esc="pageNumber" /></span>
                </div>
            </div>
            <div t-else="" class="item"></div>
        </div>
    </t>

</templates>
