<?xml version="1.0" encoding="utf-8"?>
<odoo>
    <data noupdate="0">

         <record id="base.main_company" model="res.company">
            <field name="name">AlmightyCS</field>
            <field name="phone">9033584086</field>
            <field name="email">info@almightyhms.com</field>
            <field name="website">www.almightycs.com</field>
            <field name="street">1 Shagun15 &amp; PDPU Road</field>
            <field name="street2">Nr. Rayasn</field>
            <field name="city">Gandhinagar</field>
            <field name="country_id" ref="base.in"/>
            <field name="logo" type="base64" file="acs_hms_base/static/src/img/logo.png"/>
            <field name="birthday_mail_template_id" ref="email_template_birthday_wish"/>
        </record>

    </data>
</odoo>
